nationality,ageall,age0,age1,age2,age3,age4,age5,age6,age7,age8,age9,age10,age11,age12,age13,age14,age15,age16,age17,age18,age19,age20,age21,age22,age23,age24,age25,age26,age27,age28,age29,age30,age31,age32,age33,age34,age35,age36,age37,age38,age39,age40,age41,age42,age43,age44,age45,age46,age47,age48,age49,age50,age51,age52,age53,age54,age55,age56,age57,age58,age59,age60,age61,age62,age63,age64,age65,age66,age67,age68,age69,age70,age71,age72,age73,age74,age75,age76,age77,age78,age79,age80,age81,age82,age83,age84,age85,age86,age87,age88,age89,age90,age91,age92,age93,age94,age95,age96,age97,age98,age99,age100,chinaname
all,1332810869,13786434,15657955,15617375,15250805,15220041,14732137,14804470,13429161,13666956,14248825,14454357,13935714,15399559,15225032,15893800,18024484,18790521,20775369,20755274,21543466,28026954,26556649,24474192,25695955,22658768,19933683,19709177,19480836,22322147,19568009,18928369,19866458,19474874,18179478,20689024,21186516,22906980,23990208,24730460,25211795,27397219,24956297,27032542,21355748,24012158,23962574,23355778,26972157,20075084,11228960,14097008,12838832,16617709,18351980,16847642,17610528,17738127,16093888,16167933,13701998,13618204,13029125,11276853,10791633,9951467,9073411,8640965,7942141,7740868,7715897,7389412,6265718,6893225,6343869,6080173,5632477,5175500,5082383,4254858,3706915,3737259,2816693,2757918,2237138,1824190,1648160,1344215,1065276,858879,715398,553805,371079,287676,209291,156456,117522,90889,68648,54689,38231,35934,合计
all-men,682329104,7461199,8574973,8507697,8272491,8246206,7988151,8034452,7292300,7423559,7726203,7830808,7522558,8288987,8161000,8463924,9524898,9795181,10760828,10744556,11079367,14201091,13357755,12281148,12876542,11292037,9969984,9879292,9801611,11271599,9914552,9604727,10141582,9909833,9289224,10576456,10817432,11690644,12283353,12662559,12937116,13993123,12723691,13782610,10856214,12253040,12252515,11867147,13803796,10224798,5628162,7205176,6624865,8570000,9422827,8540366,8973192,8981235,8099033,8153588,6875890,6917026,6690003,5719180,5492805,5015412,4564266,4391409,4003493,3904424,3884879,3724605,3116177,3449237,3149307,2964127,2690547,2454168,2420196,1983724,1730224,1716514,1257795,1212683,964710,765800,672819,530641,408984,324282,263084,193982,126484,94157,66717,49532,36268,28664,22045,18355,12384,8852,男性合计
all-women,650481765,6325235,7082982,7109678,6978314,6973835,6743986,6770018,6136861,6243397,6522622,6623549,6413156,7110572,7064032,7429876,8499586,8995340,10014541,10010718,10464099,13825863,13198894,12193044,12819413,11366731,9963699,9829885,9679225,11050548,9653457,9323642,9724876,9565041,8890254,10112568,10369084,11216336,11706855,12067901,12274679,13404096,12232606,13249932,10499534,11759118,11710059,11488631,13168361,9850286,5600798,6891832,6213967,8047709,8929153,8307276,8637336,8756892,7994855,8014345,6826108,6701178,6339122,5557673,5298828,4936055,4509145,4249556,3938648,3836444,3831018,3664807,3149541,3443988,3194562,3116046,2941930,2721332,2662187,2271134,1976691,2020745,1558898,1545235,1272428,1058390,975341,813574,656292,534597,452314,359823,244595,193519,142574,106924,81254,62225,46603,36334,25847,27082,女性合计
han-all,1220844520,12127390,13885592,13851851,13538898,13535142,13100667,13123274,11836935,12081219,12607228,12784288,12334105,13653513,13542426,14205781,16227994,16974520,18873075,18856024,19711532,25756401,24395042,22399979,23549894,20637016,18033389,17859480,17680902,20318031,17796530,17070809,18094839,17688042,16552492,18825046,19290637,20927084,22057382,22786637,23356661,25320556,23104603,25030546,19759534,22246263,22174634,21623432,25159710,18669694,10439423,13059326,11956566,15465579,17179447,15749590,16474258,16581435,15058755,15155831,12866834,12691092,12144005,10532403,10082456,9293402,8453669,8027825,7358575,7179763,7185764,6851409,5826533,6419158,5923299,5695453,5281155,4857184,4780225,3998285,3480148,3502945,2655163,2599608,2109825,1725159,1560203,1271730,1006063,811873,673730,519180,350586,270946,197585,147044,109807,84919,63839,50595,35445,32709,汉族
han-men,625032848,6576408,7628515,7567716,7363480,7354067,7124573,7144635,6450812,6586741,6859357,6951209,6681873,7373959,7281270,7583904,8593086,8864023,9790029,9776087,10147562,13067132,12278006,11242280,11795827,10276658,9013339,8944243,8889582,10252521,9008389,8663461,9228752,8998273,8449266,9616045,9842494,10667228,11283753,11660382,11974718,12929447,11769868,12753923,10037777,11344485,11335057,10982631,12872513,9501452,5229049,6678382,6172099,7978920,8824330,7984447,8393441,8393638,7574726,7637523,6456043,6448139,6233578,5346974,5136712,4689611,4260660,4083428,3714883,3627273,3623414,3459232,2901365,3216234,2944874,2779931,2525723,2304536,2276782,1865219,1626578,1611099,1185959,1143548,910148,724351,636655,501339,385777,305947,247241,181333,118994,88335,62790,46244,33592,26577,20306,16833,11389,7839,汉族男性
han-women,595811672,5550982,6257077,6284135,6175418,6181075,5976094,5978639,5386123,5494478,5747871,5833079,5652232,6279554,6261156,6621877,7634908,8110497,9083046,9079937,9563970,12689269,12117036,11157699,11754067,10360358,9020050,8915237,8791320,10065510,8788141,8407348,8866087,8689769,8103226,9209001,9448143,10259856,10773629,11126255,11381943,12391109,11334735,12276623,9721757,10901778,10839577,10640801,12287197,9168242,5210374,6380944,5784467,7486659,8355117,7765143,8080817,8187797,7484029,7518308,6410791,6242953,5910427,5185429,4945744,4603791,4193009,3944397,3643692,3552490,3562350,3392177,2925168,3202924,2978425,2915522,2755432,2552648,2503443,2133066,1853570,1891846,1469204,1456060,1199677,1000808,923548,770391,620286,505926,426489,337847,231592,182611,134795,100800,76215,58342,43533,33762,24056,24870,汉族女性
menggu-all,5981840,75717,85620,84455,82709,80855,79000,77656,67878,73026,73618,75892,70910,79471,82262,87031,99407,101156,104834,103449,101737,131840,126756,118026,121314,113140,110023,118416,115012,123142,106304,102810,100893,93016,83822,97727,101199,112321,113508,116350,116901,122217,104745,111363,90031,99393,99140,99803,111235,88574,57779,79711,65723,71924,74021,65789,66937,63699,53084,49290,43672,41750,39890,31772,30230,24964,22572,24551,20318,19182,20078,20160,18389,19114,16909,15417,13446,12193,10703,8451,7267,7392,5455,5406,4267,3378,2803,2146,1612,1349,1040,697,454,295,216,175,137,107,80,63,44,35,蒙古族
menggu-men,2999520,39983,44698,44266,43356,42180,41063,40395,35370,37881,38338,38984,36399,41258,42576,44234,50291,50593,52084,51214,50597,65096,62387,59059,60666,56531,54670,58847,57731,61746,53394,51553,50903,46778,42277,49053,50444,56357,56299,58045,58094,60923,52072,55077,44738,49059,49261,49185,55496,43937,28242,40094,32587,36027,36788,32315,33415,31891,26273,24401,21486,20753,19803,15686,14824,12168,11093,11944,9876,9435,9750,9641,8876,9197,8129,7346,6234,5843,5055,4026,3486,3532,2570,2638,2022,1563,1309,1003,740,578,475,310,206,107,89,62,60,44,28,29,20,13,蒙古族男性
menggu-men,2982320,35734,40922,40189,39353,38675,37937,37261,32508,35145,35280,36908,34511,38213,39686,42797,49116,50563,52750,52235,51140,66744,64369,58967,60648,56609,55353,59569,57281,61396,52910,51257,49990,46238,41545,48674,50755,55964,57209,58305,58807,61294,52673,56286,45293,50334,49879,50618,55739,44637,29537,39617,33136,35897,37233,33474,33522,31808,26811,24889,22186,20997,20087,16086,15406,12796,11479,12607,10442,9747,10328,10519,9513,9917,8780,8071,7212,6350,5648,4425,3781,3860,2885,2768,2245,1815,1494,1143,872,771,565,387,248,188,127,113,77,63,52,34,24,22,蒙古族女性
hui-all,10586087,142337,157634,157245,151826,148308,143913,147274,138346,142022,144625,150487,146156,159601,153888,157163,168760,173025,183251,189096,189232,236480,221535,207585,203566,183824,167908,163226,163126,185654,159392,168204,157897,163906,149793,166524,167860,173489,178771,184102,173869,202832,179279,191495,152532,166577,164762,170269,184603,141633,81011,102376,82920,110559,116303,112156,116719,117509,104651,103985,90747,96591,88023,72357,71552,68690,65267,58806,58143,57649,51475,52725,42253,45711,41639,37845,34634,32070,30313,24402,22351,22986,15361,15277,12221,10278,9422,7209,5933,4638,4182,3424,2133,1701,1211,999,749,631,448,400,266,304,回族
hui-men,5373741,75805,84586,83969,80860,78714,76012,78017,73138,74735,75944,79344,76049,83081,79800,81443,86792,88474,93580,95422,95611,117851,109654,102780,101114,91077,83454,81308,81596,93722,80435,84069,79540,82135,75806,84358,85057,87886,90676,93460,88791,102859,90243,97280,77112,84209,83830,87007,93803,72588,40215,51491,42071,56460,58570,55809,58811,58562,52174,52550,44851,48378,45125,36584,35728,33265,31630,29700,29185,28817,25537,26490,20905,22952,20768,18792,16841,15498,14789,11763,10934,10879,7195,7079,5561,4632,4039,3139,2480,1959,1711,1375,825,656,451,404,285,238,167,152,105,88,回族男性
hui-women,5212346,66532,73048,73276,70966,69594,67901,69257,65208,67287,68681,71143,70107,76520,74088,75720,81968,84551,89671,93674,93621,118629,111881,104805,102452,92747,84454,81918,81530,91932,78957,84135,78357,81771,73987,82166,82803,85603,88095,90642,85078,99973,89036,94215,75420,82368,80932,83262,90800,69045,40796,50885,40849,54099,57733,56347,57908,58947,52477,51435,45896,48213,42898,35773,35824,35425,33637,29106,28958,28832,25938,26235,21348,22759,20871,19053,17793,16572,15524,12639,11417,12107,8166,8198,6660,5646,5383,4070,3453,2679,2471,2049,1308,1045,760,595,464,393,281,248,161,216,回族女性
zang-all,6282187,97677,104092,109341,107580,105383,106021,107777,107208,104095,104077,111228,106792,109835,113217,116154,120924,119201,121350,123210,120728,135506,130017,125825,125062,120057,117727,113416,116285,122659,112973,119021,104090,105816,96103,103674,104781,105208,106836,104632,94783,106230,93163,96856,82561,78949,82532,78654,76279,67458,46746,49820,42775,45881,44541,44421,45509,45223,42028,41398,36458,41063,37920,36071,35363,32530,32767,29959,30061,29066,25590,27503,20561,21221,19471,16676,15788,14125,12771,11622,10168,10286,6735,6885,5998,4654,4063,3133,2774,2382,1836,1511,835,658,481,417,335,277,229,230,140,189,藏族
zang-men,3155625,50533,53194,55792,55280,53739,54426,54512,54407,52979,53395,56926,54306,56022,57804,58793,61549,60163,61583,62142,61450,68616,65589,63065,62427,60464,59171,56652,58350,61728,57042,60485,53295,53890,48723,52718,53056,54057,55210,53590,48355,54256,47543,49247,41691,40275,42015,40136,38571,34776,23601,25066,21651,23083,22040,22073,22695,22658,20734,20524,17599,20213,18550,17358,16862,15494,15588,14213,13944,13605,11820,12684,9033,9306,8498,7031,6599,5868,5257,4700,4087,4004,2540,2497,2204,1562,1383,1030,913,758,569,459,240,230,147,139,109,104,80,99,63,73,藏族男性
zang-women,3126562,47144,50898,53549,52300,51644,51595,53265,52801,51116,50682,54302,52486,53813,55413,57361,59375,59038,59767,61068,59278,66890,64428,62760,62635,59593,58556,56764,57935,60931,55931,58536,50795,51926,47380,50956,51725,51151,51626,51042,46428,51974,45620,47609,40870,38674,40517,38518,37708,32682,23145,24754,21124,22798,22501,22348,22814,22565,21294,20874,18859,20850,19370,18713,18501,17036,17179,15746,16117,15461,13770,14819,11528,11915,10973,9645,9189,8257,7514,6922,6081,6282,4195,4388,3794,3092,2680,2103,1861,1624,1267,1052,595,428,334,278,226,173,149,131,77,116,藏族女性
weiwuer-all,10069346,212397,192011,208414,196222,177336,171747,165539,159012,150869,155807,168718,155277,173959,156942,160745,166489,171481,186150,214617,204509,270328,238290,229717,218432,225450,227570,206814,188862,191847,163003,216237,141232,164481,133819,164881,174668,161701,153903,164692,134371,194371,136106,142453,110527,111792,126153,115425,98666,93013,70385,112013,76164,84949,65891,71435,73645,78877,67475,64758,56842,93703,73375,59614,46230,43767,53649,49467,38515,34772,29582,46226,30216,25754,19217,17922,19798,17341,13909,11611,9582,14916,8879,7075,5069,4191,4666,3900,2932,2346,2112,3042,1450,1124,648,558,628,509,401,398,250,523,维吾尔族
weiwuer-men,5097594,108651,97804,105972,99946,90738,87829,84556,80801,76663,79707,86092,79051,88660,79559,81523,84163,86729,93611,107357,101992,131026,117747,112600,108354,110791,112838,104327,95750,96080,84055,108225,71745,80808,68688,83802,88778,82757,78150,82213,68126,96407,68933,71809,56204,56894,64132,58306,49990,47726,35781,55224,38279,43087,33543,36353,36058,39722,33845,32692,29196,48022,38448,30014,23807,22419,27143,26323,20590,18646,16163,24685,16586,14174,10934,10046,10360,9549,7965,6605,5451,7945,5147,3992,3005,2484,2657,2286,1754,1372,1273,1622,879,639,375,317,342,298,240,187,132,273,维吾尔男姓
weiwuer-women,4971752,103746,94207,102442,96276,86598,83918,80983,78211,74206,76100,82626,76226,85299,77383,79222,82326,84752,92539,107260,102517,139302,120543,117117,110078,114659,114732,102487,93112,95767,78948,108012,69487,83673,65131,81079,85890,78944,75753,82479,66245,97964,67173,70644,54323,54898,62021,57119,48676,45287,34604,56789,37885,41862,32348,35082,37587,39155,33630,32066,27646,45681,34927,29600,22423,21348,26506,23144,17925,16126,13419,21541,13630,11580,8283,7876,9438,7792,5944,5006,4131,6971,3732,3083,2064,1707,2009,1614,1178,974,839,1420,571,485,273,241,286,211,161,211,118,250,维吾尔女姓
miao-all,9426007,147586,160695,156930,150849,153775,146495,157967,154065,155225,166660,168205,165184,183328,169091,164767,167788,159633,161823,156097,148882,184590,171325,165041,171596,155570,141200,140506,140994,162954,140442,142105,138838,143218,133749,161693,172322,181137,165686,161546,154033,170837,153101,170258,130308,144314,142425,137705,139650,98638,43621,52178,52074,80662,87751,80828,85692,91456,84420,84409,66426,71564,73038,64288,63425,59350,50465,52367,51214,48713,47228,45779,37238,43684,39347,34080,29928,27770,27344,23218,19934,20116,13590,13690,9858,7102,6162,5605,4613,3396,3056,2458,1364,1157,799,691,523,412,362,290,184,262,苗族 
miao-men,4870328,81438,89021,86695,82455,84340,80231,86286,83210,83839,90443,90182,87642,97473,89380,87410,88342,83319,84231,80782,76675,92146,84801,82227,86435,77786,71189,71237,71804,83196,72085,71785,71858,72755,69054,83349,88855,93817,86157,83331,80233,86362,78109,86809,66290,74047,72825,70019,72233,50807,21479,25627,26463,41495,44860,41058,43561,46199,42859,43004,33452,36079,38105,32075,32649,30047,24895,26756,25793,24573,23720,22697,18269,21863,19148,16494,14307,13446,13334,10999,9192,9307,6140,6038,4271,3040,2522,2263,1808,1296,1182,901,488,390,249,246,181,132,130,109,73,69,苗族男性
miao-women,4555679,66148,71674,70235,68394,69435,66264,71681,70855,71386,76217,78023,77542,85855,79711,77357,79446,76314,77592,75315,72207,92444,86524,82814,85161,77784,70011,69269,69190,79758,68357,70320,66980,70463,64695,78344,83467,87320,79529,78215,73800,84475,74992,83449,64018,70267,69600,67686,67417,47831,22142,26551,25611,39167,42891,39770,42131,45257,41561,41405,32974,35485,34933,32213,30776,29303,25570,25611,25421,24140,23508,23082,18969,21821,20199,17586,15621,14324,14010,12219,10742,10809,7450,7652,5587,4062,3640,3342,2805,2100,1874,1557,876,767,550,445,342,280,232,181,111,193,苗族女性
yi-all,8714393,140993,164000,157455,154610,154880,149563,163619,159322,154588,163568,164101,159317,170815,161955,155252,159998,157286,155751,146668,141812,170148,163662,152521,157523,148750,138145,136514,134678,154575,141358,137593,143982,150436,148033,158764,149844,159141,153110,149116,145798,145196,140507,146766,117253,129035,129227,120289,118087,94620,48960,57429,48606,63637,74467,70027,73844,73520,63949,60895,47139,50887,54565,49055,51077,43040,40638,41724,42060,40858,37228,32903,28376,32582,29507,27064,23369,19752,18989,16421,14550,13303,9597,9717,7814,5642,4414,3646,3100,2557,2098,1520,821,719,489,437,329,270,222,174,111,71,彝族
yi-men,4456382,74227,86685,83509,81966,81566,78816,86459,84628,81673,85954,86709,84055,89847,85187,80998,83364,81172,80246,75893,73223,86262,82421,77254,79630,75218,69947,69515,68243,79380,72465,69523,74365,76867,76226,82034,77098,82709,79231,76625,75542,74165,72137,75509,59707,65764,65652,60808,59963,47898,24387,29367,24602,32219,37017,34720,37117,36532,31734,30225,22924,25524,27149,23867,24942,20853,19512,20285,20241,19407,17737,15741,13352,15497,13719,12301,10454,8754,8626,7063,6349,5562,3915,3880,2985,2122,1654,1284,1090,876,684,475,285,255,167,143,125,107,80,75,49,17,彝族男性
yi-women,4258011,66766,77315,73946,72644,73314,70747,77160,74694,72915,77614,77392,75262,80968,76768,74254,76634,76114,75505,70775,68589,83886,81241,75267,77893,73532,68198,66999,66435,75195,68893,68070,69617,73569,71807,76730,72746,76432,73879,72491,70256,71031,68370,71257,57546,63271,63575,59481,58124,46722,24573,28062,24004,31418,37450,35307,36727,36988,32215,30670,24215,25363,27416,25188,26135,22187,21126,21439,21819,21451,19491,17162,15024,17085,15788,14763,12915,10998,10363,9358,8201,7741,5682,5837,4829,3520,2760,2362,2010,1681,1414,1045,536,464,322,294,204,163,142,99,62,54,彝族女性
zhuang-all,16926381,241112,253271,250559,247116,249146,235053,245028,233124,216130,219408,216212,202630,214976,206522,199877,216721,234906,255322,261397,230735,278783,282191,276304,308053,311461,314901,307501,279731,304297,284232,299324,297303,293567,264235,307894,303958,317887,291573,288595,277772,302076,283201,317764,251319,290605,292017,269697,286841,220381,116057,145572,123489,192293,190015,177411,177263,182611,168732,162454,133257,154784,146987,120257,110151,108100,109867,108087,103809,99748,96294,98514,79673,83199,75332,74216,68695,61656,58840,50360,46924,46997,32045,32024,28029,22533,19959,16106,13625,11029,11231,9464,5809,4850,3687,2921,2429,1794,1485,1218,951,840,壮族
zhuang-men,8689488,132207,139057,136602,133911,133243,126114,131678,125157,115953,117855,116369,108973,115469,110733,107139,115669,123025,132761,136356,120154,142171,143105,140585,158783,159645,161399,157357,142504,156306,146879,153909,155579,151986,138512,160853,159531,166641,153468,151739,147293,158235,150184,166261,130983,152466,152056,138561,149585,114681,59932,73464,63225,97563,96674,88948,89765,91562,83839,81647,64590,75004,73773,57639,53274,50772,51172,51412,48058,46243,44611,45854,36995,38160,34285,33034,29672,26580,25482,20860,19356,18931,12695,12286,10519,8176,6963,5489,4357,3507,3528,2811,1685,1325,974,788,651,445,400,380,261,190,壮族男性
zhuang-women,8236893,108905,114214,113957,113205,115903,108939,113350,107967,100177,101553,99843,93657,99507,95789,92738,101052,111881,122561,125041,110581,136612,139086,135719,149270,151816,153502,150144,137227,147991,137353,145415,141724,141581,125723,147041,144427,151246,138105,136856,130479,143841,133017,151503,120336,138139,139961,131136,137256,105700,56125,72108,60264,94730,93341,88463,87498,91049,84893,80807,68667,79780,73214,62618,56877,57328,58695,56675,55751,53505,51683,52660,42678,45039,41047,41182,39023,35076,33358,29500,27568,28066,19350,19738,17510,14357,12996,10617,9268,7522,7703,6653,4124,3525,2713,2133,1778,1349,1085,838,690,650,壮族女性
buyi-all,2870034,46196,48437,46050,44194,44155,42221,45444,46741,49453,53673,55987,57031,62850,60186,57566,55835,50754,47985,45617,41476,47626,44058,43125,43220,39414,37388,38278,37285,42490,40783,42536,41688,43427,40995,47952,49981,52355,47588,45864,45155,49588,44931,49519,39990,44299,43018,41494,40877,27997,14244,20406,20634,27757,29654,28604,29655,30089,26552,25017,21221,23062,23309,19971,20961,20691,18446,19042,18968,18000,17294,16429,13295,14575,12883,11357,10204,9015,8682,7300,6493,6386,4546,4688,3353,2304,1954,1812,1497,1195,1035,820,487,409,211,184,161,118,114,82,45,51,布依族
buyi-men,1455720,25566,27088,25545,24333,24057,22991,24593,25253,26649,28642,29731,30082,32940,31619,30179,28961,25967,24402,23374,20986,23495,21514,21119,21266,19348,18430,19140,18398,21247,20502,21188,21479,22094,21267,24423,25315,26993,24470,23371,23307,25292,23162,25424,20264,22896,22195,20946,21128,14255,7055,10138,10431,13985,14761,13872,14848,14549,12888,12344,10187,11105,11494,9402,9923,9887,8638,9067,8926,8247,7935,7465,5945,6537,5771,4837,4432,3872,3689,2963,2661,2454,1700,1721,1247,787,650,572,454,371,305,211,126,102,58,54,48,34,36,24,14,12,布依族男性
buyi-women,1414314,20630,21349,20505,19861,20098,19230,20851,21488,22804,25031,26256,26949,29910,28567,27387,26874,24787,23583,22243,20490,24131,22544,22006,21954,20066,18958,19138,18887,21243,20281,21348,20209,21333,19728,23529,24666,25362,23118,22493,21848,24296,21769,24095,19726,21403,20823,20548,19749,13742,7189,10268,10203,13772,14893,14732,14807,15540,13664,12673,11034,11957,11815,10569,11038,10804,9808,9975,10042,9753,9359,8964,7350,8038,7112,6520,5772,5143,4993,4337,3832,3932,2846,2967,2106,1517,1304,1240,1043,824,730,609,361,307,153,130,113,84,78,58,31,39,布依族女性
chaoxian-all,1830929,9411,11507,12077,12394,10718,9940,10078,7821,8866,9616,10105,9979,10221,10073,10863,12822,14572,16383,18867,22775,29158,30570,31655,33190,32442,30639,29579,29912,32206,26505,27921,30258,28332,24644,26319,25319,26590,31918,34726,37139,38124,34733,36209,28535,33355,39085,39508,48778,37559,23073,39533,30801,35123,35471,32028,33262,32595,29056,28547,25916,25936,24815,18916,19320,17420,15109,14124,15037,15139,14732,14656,13662,14176,11749,11137,10387,9314,7930,6428,5400,5343,3673,3515,2985,2366,1863,1508,1186,1015,797,517,331,290,200,143,107,89,84,72,38,19,朝鲜族
chaoxian-men,910535,4893,5889,6301,6378,5469,5156,5155,4028,4518,4889,5224,5091,5150,5197,5556,6488,7372,8172,9426,11238,14523,15282,15844,16903,16395,15484,14947,14919,16078,13360,14243,15693,14587,12820,13731,13067,13854,16696,18515,19686,19981,18201,18831,14746,16907,20278,20231,24921,19268,11508,20017,15771,17605,17671,15951,16603,16057,14319,13870,12608,12629,12063,9031,9138,8098,6987,6528,6728,6726,6441,6481,5936,6230,5043,4741,4283,3793,3152,2588,1959,1894,1274,1183,932,747,559,458,341,286,220,126,96,74,56,48,24,22,20,24,11,4,朝鲜族男性
chaoxian-women,920394,4518,5618,5776,6016,5249,4784,4923,3793,4348,4727,4881,4888,5071,4876,5307,6334,7200,8211,9441,11537,14635,15288,15811,16287,16047,15155,14632,14993,16128,13145,13678,14565,13745,11824,12588,12252,12736,15222,16211,17453,18143,16532,17378,13789,16448,18807,19277,23857,18291,11565,19516,15030,17518,17800,16077,16659,16538,14737,14677,13308,13307,12752,9885,10182,9322,8122,7596,8309,8413,8291,8175,7726,7946,6706,6396,6104,5521,4778,3840,3441,3449,2399,2332,2053,1619,1304,1050,845,729,577,391,235,216,144,95,83,67,64,48,27,15,朝鲜族女性
man-all,10387958,109359,130621,126199,127301,122749,126876,121403,101048,117974,111512,111343,100044,108773,115401,125259,139419,152653,163449,159328,162388,219612,212236,209359,229635,201121,158613,144397,147865,187561,161568,160230,175063,159018,131798,137760,138014,153478,175093,182476,188717,204497,185390,204540,172380,195223,205244,200559,240116,162370,101332,163964,135648,155762,162061,149211,156294,149118,125021,121364,103484,99722,89857,71699,65876,63021,54452,53782,48638,47038,46592,43499,39848,41795,35293,32210,32443,28591,26870,24017,20966,21989,16993,16336,13785,10656,9460,7795,6094,4931,3959,2830,1887,1393,971,691,498,414,276,225,147,128,满族
man-men,5401812,57808,68722,66394,66712,64176,66622,63744,53104,62272,58859,58756,52794,57194,60148,65468,72577,78136,82705,81009,81552,109480,106305,105860,115705,101089,79786,72948,74952,95102,82235,82137,90161,82265,68634,72251,71683,79572,90858,94757,98257,106330,96004,105849,88771,100831,105439,103190,124012,83814,52175,86243,72085,82814,86291,79522,84507,80808,67834,66234,56256,54367,49268,38818,35432,33728,28854,28940,26157,25170,25020,23459,21616,22706,19118,17291,17081,14994,14184,12510,10752,11148,8534,8264,6926,5280,4706,3882,3058,2466,1905,1330,902,656,457,296,216,185,122,100,65,51,满族男性
man-women,4986146,51551,61899,59805,60589,58573,60254,57659,47944,55702,52653,52587,47250,51579,55253,59791,66842,74517,80744,78319,80836,110132,105931,103499,113930,100032,78827,71449,72913,92459,79333,78093,84902,76753,63164,65509,66331,73906,84235,87719,90460,98167,89386,98691,83609,94392,99805,97369,116104,78556,49157,77721,63563,72948,75770,69689,71787,68310,57187,55130,47228,45355,40589,32881,30444,29293,25598,24842,22481,21868,21572,20040,18232,19089,16175,14919,15362,13597,12686,11507,10214,10841,8459,8072,6859,5376,4754,3913,3036,2465,2054,1500,985,737,514,395,282,229,154,125,82,77,满族女性
dong-all,2879974,46068,46514,44180,41826,42122,40132,41812,39711,39984,44825,44420,44482,47400,44206,44011,45675,43580,45289,42709,40030,49241,46145,46233,50881,45288,40244,40660,39620,46398,39072,38573,39025,38460,35625,43783,49754,55700,51931,53599,49207,55474,51171,58194,42840,51648,51185,50340,52842,40058,15747,18082,19838,30554,31797,28383,29191,31366,29421,29617,23917,26040,27398,23426,21456,20058,17055,19041,17987,16557,17555,17336,14794,16794,14829,14373,11699,11148,11313,9379,7694,7400,5056,5172,3454,2411,2162,2053,1513,1073,981,753,501,423,267,202,153,116,100,78,44,50,侗族
dong-men,1511959,25384,26092,24501,23016,23375,22307,23377,22203,22311,24716,24242,24260,25764,23945,23883,24704,23005,23906,22798,21365,25651,23482,23637,26056,23369,20458,20805,20607,24009,20107,19736,20231,20161,18668,22665,25737,29040,27076,27625,25615,28611,26693,30013,22271,26971,26571,25696,27489,20767,7877,9215,10496,16043,16710,14617,15084,16220,15204,15511,12457,13406,14725,12242,11235,10390,8727,10054,9161,8494,9179,8912,7527,8699,7533,7255,5850,5526,5558,4581,3652,3505,2319,2415,1491,1014,922,826,586,414,409,289,177,136,80,75,52,46,46,18,17,11,侗族男性
dong-women,1368015,20684,20422,19679,18810,18747,17825,18435,17508,17673,20109,20178,20222,21636,20261,20128,20971,20575,21383,19911,18665,23590,22663,22596,24825,21919,19786,19855,19013,22389,18965,18837,18794,18299,16957,21118,24017,26660,24855,25974,23592,26863,24478,28181,20569,24677,24614,24644,25353,19291,7870,8867,9342,14511,15087,13766,14107,15146,14217,14106,11460,12634,12673,11184,10221,9668,8328,8987,8826,8063,8376,8424,7267,8095,7296,7118,5849,5622,5755,4798,4042,3895,2737,2757,1963,1397,1240,1227,927,659,572,464,324,287,187,127,101,70,54,60,27,39,侗族女性
yao-all,2796003,48737,52438,51275,49780,50234,46714,47791,43843,41589,42731,39914,37637,40876,38999,38152,39599,40685,44463,45434,44863,56955,54899,52769,56201,53638,50683,51069,47823,54198,47740,47768,46743,43450,38287,44781,44813,47747,44771,44209,42382,46956,43210,49492,38858,45194,45615,42427,44686,33063,15963,21479,21183,30685,30095,26021,25462,26534,25350,24231,19890,21047,21311,17265,14798,14478,13807,14404,13582,12716,13064,13200,10485,11445,10305,10290,8936,8102,7713,6684,6392,6088,4136,4067,3437,2773,2360,1971,1608,1266,1240,1021,615,530,389,320,253,228,162,173,114,154,瑶族
yao-men,1458842,26433,28483,27934,26883,26878,24981,25666,23354,22242,22815,21255,20134,21369,20723,20186,20989,21217,23300,23820,23497,29023,28025,27096,29050,27630,26097,26629,25032,28420,24891,25077,24968,23160,20451,23953,24064,25688,23983,23581,22721,24806,22928,26024,20360,23938,23793,21948,23175,17201,8082,11010,11135,15836,15478,13229,13180,13603,12829,12473,10074,10670,11330,8790,7402,7116,6733,7197,6666,6266,6379,6383,5089,5595,4920,4962,4085,3759,3630,3025,2861,2614,1789,1779,1422,1068,937,743,611,514,428,362,197,150,103,111,88,90,48,57,34,39,瑶族男性
yao-women,1337161,22304,23955,23341,22897,23356,21733,22125,20489,19347,19916,18659,17503,19507,18276,17966,18610,19468,21163,21614,21366,27932,26874,25673,27151,26008,24586,24440,22791,25778,22849,22691,21775,20290,17836,20828,20749,22059,20788,20628,19661,22150,20282,23468,18498,21256,21822,20479,21511,15862,7881,10469,10048,14849,14617,12792,12282,12931,12521,11758,9816,10377,9981,8475,7396,7362,7074,7207,6916,6450,6685,6817,5396,5850,5385,5328,4851,4343,4083,3659,3531,3474,2347,2288,2015,1705,1423,1228,997,752,812,659,418,380,286,209,165,138,114,116,80,115,瑶族女性
bai-all,1933510,24147,26109,25339,24030,24195,24370,26868,26552,27200,29853,30149,28785,31577,29828,28004,29193,29759,34213,32530,31819,37773,36721,33989,35293,31089,27327,27908,26186,29353,26517,26784,31082,33775,34969,37979,36882,38520,37127,35957,36326,36093,35881,36914,28420,33124,33078,31105,33620,27154,11597,14098,12225,17640,21329,20115,22306,21506,18402,19123,14208,14605,14775,12542,13334,11427,10689,11313,11236,10523,9414,8491,7827,9408,9127,8353,7273,6838,6685,5852,5147,4964,3742,3620,2516,1956,1786,1448,1136,981,748,544,357,252,167,128,97,58,60,32,29,15,白族
bai-men,978998,12679,13582,13025,12431,12383,12582,13881,13734,13731,15310,15351,14907,16089,15126,14216,14616,14974,16625,16141,16088,18474,18157,16922,17582,15685,13781,14082,13094,15072,13548,13525,15794,17332,18140,19585,19108,20145,19248,18695,18967,18790,18396,19166,14824,17032,17067,15895,17201,13899,5756,7216,6177,8963,10782,10023,11326,10825,9176,9465,7117,7503,7499,6299,6536,5675,5344,5619,5577,5202,4621,4242,3762,4598,4358,3869,3435,3097,3067,2640,2387,2173,1584,1604,1110,785,722,519,422,349,283,202,138,81,49,48,32,20,27,8,6,3,白族男性
bai-women,954512,11468,12527,12314,11599,11812,11788,12987,12818,13469,14543,14798,13878,15488,14702,13788,14577,14785,17588,16389,15731,19299,18564,17067,17711,15404,13546,13826,13092,14281,12969,13259,15288,16443,16829,18394,17774,18375,17879,17262,17359,17303,17485,17748,13596,16092,16011,15210,16419,13255,5841,6882,6048,8677,10547,10092,10980,10681,9226,9658,7091,7102,7276,6243,6798,5752,5345,5694,5659,5321,4793,4249,4065,4810,4769,4484,3838,3741,3618,3212,2760,2791,2158,2016,1406,1171,1064,929,714,632,465,342,219,171,118,80,65,38,33,24,23,12,白族女性
tujia-all,8353912,114233,122131,122205,120353,125488,119102,130140,121825,119705,128651,124867,123087,141237,133161,132653,152957,146877,150775,129923,124792,150712,141365,131789,136753,118841,103666,100396,106104,129614,107383,101627,108188,102762,100742,129220,144549,156212,151656,151401,149469,165875,151763,166048,125689,142225,138895,140623,149359,112805,45928,44861,50307,79465,89963,79391,90371,102288,97286,99975,72654,76861,83865,73001,72714,64906,52728,56717,55368,54639,51810,46339,38249,46742,41057,34783,30294,30575,31626,25486,21120,22925,16236,15351,11963,8898,8217,7331,5688,4124,3259,2547,1503,1292,862,620,567,388,305,251,158,165,土家族
tujia-men,4307260,61249,65910,65908,64510,67541,63645,69691,64953,63687,68461,66164,64974,74269,69780,69381,79038,74688,76399,65611,62599,74583,69948,65124,67674,58388,51017,49212,52625,65096,54057,50429,54862,51671,51222,65960,73652,79974,78701,78635,78443,85871,78773,86376,65033,74157,72038,72588,77725,58755,24071,23467,26818,41538,46962,40928,46604,52627,50125,52053,37401,39948,44819,37654,38194,33691,27018,30088,28678,28739,26900,24481,19676,24224,21228,17884,15265,15306,16197,12560,10310,11058,7714,7173,5508,3982,3642,3158,2293,1698,1342,976,553,474,304,221,198,131,127,105,59,43,土家族男性
tujia-women,4046652,52984,56221,56297,55843,57947,55457,60449,56872,56018,60190,58703,58113,66968,63381,63272,73919,72189,74376,64312,62193,76129,71417,66665,69079,60453,52649,51184,53479,64518,53326,51198,53326,51091,49520,63260,70897,76238,72955,72766,71026,80004,72990,79672,60656,68068,66857,68035,71634,54050,21857,21394,23489,37927,43001,38463,43767,49661,47161,47922,35253,36913,39046,35347,34520,31215,25710,26629,26690,25900,24910,21858,18573,22518,19829,16899,15029,15269,15429,12926,10810,11867,8522,8178,6455,4916,4575,4173,3395,2426,1917,1571,950,818,558,399,369,257,178,146,99,122,土家族女性
hani-all,1660932,25357,32765,30056,27067,25483,24410,24383,23493,23806,23829,24701,24374,24939,24597,24942,25530,26262,27464,26706,27044,33443,32802,32415,33749,32193,31058,30138,31049,31880,29693,29512,31192,32660,30829,33011,32327,32676,29860,28382,26037,28266,27326,28210,24868,26745,25344,25403,22777,19450,11437,13620,12275,15838,15041,14713,13735,13373,11921,10354,9621,10835,10615,9772,9730,8351,7924,7489,7380,7226,6921,6708,5847,6529,5582,5152,4352,3630,3532,3025,2852,2820,2001,2102,1574,1303,1113,843,714,615,469,405,246,222,137,113,107,73,74,56,37,25,哈尼族
hani-men,863370,13491,17624,16101,14729,13915,13465,13393,12940,13143,13198,13686,13566,13808,13578,13634,13902,14087,14727,14396,14622,17391,16981,16723,17266,16523,16018,15771,15865,16662,15670,15117,16364,17102,15962,17108,16689,17008,15562,14768,13720,14570,14172,14490,12829,13802,12971,13059,11746,10045,5715,6971,6256,8029,7431,7385,6916,6591,6045,5207,4775,5449,5363,4688,4723,4022,3709,3587,3621,3433,3338,3094,2629,2999,2414,2277,1838,1566,1530,1236,1160,1155,742,759,557,478,391,271,230,211,153,93,85,62,44,40,38,23,34,21,19,8,哈尼族男性
hani-women,797562,11866,15141,13955,12338,11568,10945,10990,10553,10663,10631,11015,10808,11131,11019,11308,11628,12175,12737,12310,12422,16052,15821,15692,16483,15670,15040,14367,15184,15218,14023,14395,14828,15558,14867,15903,15638,15668,14298,13614,12317,13696,13154,13720,12039,12943,12373,12344,11031,9405,5722,6649,6019,7809,7610,7328,6819,6782,5876,5147,4846,5386,5252,5084,5007,4329,4215,3902,3759,3793,3583,3614,3218,3530,3168,2875,2514,2064,2002,1789,1692,1665,1259,1343,1017,825,722,572,484,404,316,312,161,160,93,73,69,50,40,35,18,17,哈尼族女性
hasake-all,1462588,28779,27211,28102,25274,23999,24152,23645,23091,21440,20537,20459,19639,20619,20256,20348,20693,21751,23633,25510,26231,31416,34519,31757,31676,30774,30157,30852,29815,30297,28456,31149,28667,28859,26685,30363,28336,28563,27586,28507,23677,26932,23923,24405,19528,20131,20434,19866,18540,17401,11312,13879,12188,13775,11776,12208,10099,10852,9614,9995,7322,8987,8299,6341,5471,4800,5473,5222,4911,4960,4074,4774,3449,3100,2834,2501,2127,2051,1814,1672,1331,1442,878,770,691,553,533,390,332,272,232,188,94,81,53,53,43,38,28,30,24,12,哈萨克族
hasake-men,747368,14969,14094,14535,13102,12492,12478,12188,12018,10997,10623,10495,10062,10441,10364,10410,10523,10900,11649,12436,12986,15677,17269,15889,15961,15598,15293,15779,15430,15361,14600,16084,14861,14742,13786,15712,14646,14767,14236,14623,12092,13923,12101,12640,10043,10327,10452,10170,9502,9222,5894,7103,6326,7098,5968,6092,5072,5461,4824,5006,3573,4606,4380,3288,2811,2330,2713,2711,2583,2600,2024,2446,1800,1589,1451,1249,1041,980,946,859,656,766,423,392,350,294,249,197,147,136,104,91,34,34,19,22,21,20,16,16,5,4,哈萨克族男性
hasake-women,715220,13810,13117,13567,12172,11507,11674,11457,11073,10443,9914,9964,9577,10178,9892,9938,10170,10851,11984,13074,13245,15739,17250,15868,15715,15176,14864,15073,14385,14936,13856,15065,13806,14117,12899,14651,13690,13796,13350,13884,11585,13009,11822,11765,9485,9804,9982,9696,9038,8179,5418,6776,5862,6677,5808,6116,5027,5391,4790,4989,3749,4381,3919,3053,2660,2470,2760,2511,2328,2360,2050,2328,1649,1511,1383,1252,1086,1071,868,813,675,676,455,378,341,259,284,193,185,136,128,97,60,47,34,31,22,18,12,14,19,8,哈萨克族女性
dai-all,1261311,17990,19138,18877,17964,16725,15734,15960,15194,15204,16152,16170,15929,16949,17302,17726,18192,18586,20532,20390,21977,26235,25833,25772,26271,25594,25124,23882,23028,22304,19681,20158,19682,20951,20157,21876,21499,22466,22367,22158,21254,24888,22778,23326,20245,23250,21736,23032,21480,19911,14721,16025,13553,15939,13204,12526,11483,11118,9785,9103,8153,8661,8271,7143,7089,6415,5925,5725,5480,5327,4980,4923,4185,4506,4438,4110,3571,3427,3258,2833,2505,2530,1745,1780,1355,1220,1002,743,650,519,441,388,220,184,117,99,73,71,46,48,16,53,傣族
dai-men,625176,9262,9658,9518,9152,8571,8032,8215,7607,7808,8309,8211,8168,8672,8938,9020,9203,9122,10172,10174,11046,12863,12711,12709,13078,12692,12372,11945,11537,11237,10002,9961,9928,10382,10112,11013,10818,11342,11284,11192,10700,12215,11233,11586,10215,11610,10592,11562,10617,9973,7194,8014,6742,7914,6481,6137,5652,5507,4907,4366,3919,4277,4035,3312,3340,3075,2758,2733,2568,2433,2284,2184,1864,2054,1971,1691,1489,1426,1377,1181,1077,1035,657,700,507,470,356,250,205,172,138,119,71,56,29,27,20,23,13,12,5,10,傣族男性
dai-women,636135,8728,9480,9359,8812,8154,7702,7745,7587,7396,7843,7959,7761,8277,8364,8706,8989,9464,10360,10216,10931,13372,13122,13063,13193,12902,12752,11937,11491,11067,9679,10197,9754,10569,10045,10863,10681,11124,11083,10966,10554,12673,11545,11740,10030,11640,11144,11470,10863,9938,7527,8011,6811,8025,6723,6389,5831,5611,4878,4737,4234,4384,4236,3831,3749,3340,3167,2992,2912,2894,2696,2739,2321,2452,2467,2419,2082,2001,1881,1652,1428,1495,1088,1080,848,750,646,493,445,347,303,269,149,128,88,72,53,48,33,36,11,43,傣族女性
li-all,1463064,23741,24578,24859,23914,24199,24451,21166,18795,18671,19659,19820,19884,21641,23210,26242,28052,28722,31388,31526,29014,32388,28766,27384,27370,27371,27028,28763,29399,29750,25952,29206,24618,24602,21229,24610,24528,25690,25177,25235,22156,27032,23910,25493,20648,21626,21186,22029,20935,20429,11636,12682,11201,13394,12202,11519,10927,11021,9566,9476,7407,9523,8269,6873,6809,6423,6020,5509,5854,5467,4785,6085,4944,5211,4864,4537,4350,3640,3066,3081,2680,2997,1934,1882,1705,1256,1184,944,882,638,684,566,295,223,189,145,112,84,67,64,52,98,黎族
li-men,756992,12743,13350,13475,12778,12935,13023,11159,10160,10025,10545,10592,10634,11610,12386,13866,14451,14622,15835,15971,14665,16430,14748,13939,14386,14190,14126,14774,15616,15651,13987,15317,13311,13186,11491,13131,12840,13702,13610,13624,11806,14118,12679,13199,10855,11386,10929,11411,10882,10797,6155,6370,5659,6812,6207,5777,5551,5524,4688,4701,3554,4606,4062,3193,3257,3008,2781,2605,2706,2447,2110,2641,2165,2241,2138,1866,1802,1529,1390,1280,1098,1220,791,732,689,497,438,355,352,249,232,174,91,61,59,48,32,26,26,17,13,21,黎族男性
li-women,706072,10998,11228,11384,11136,11264,11428,10007,8635,8646,9114,9228,9250,10031,10824,12376,13601,14100,15553,15555,14349,15958,14018,13445,12984,13181,12902,13989,13783,14099,11965,13889,11307,11416,9738,11479,11688,11988,11567,11611,10350,12914,11231,12294,9793,10240,10257,10618,10053,9632,5481,6312,5542,6582,5995,5742,5376,5497,4878,4775,3853,4917,4207,3680,3552,3415,3239,2904,3148,3020,2675,3444,2779,2970,2726,2671,2548,2111,1676,1801,1582,1777,1143,1150,1016,759,746,589,530,389,452,392,204,162,130,97,80,58,41,47,39,77,黎族女性
lili-all,702839,10203,11141,10602,10283,10266,10005,11101,10801,10635,10803,11275,10260,11482,10980,11194,11406,11557,11786,11472,11773,15371,14409,13887,14229,13440,13873,13522,13287,14217,12465,13527,12455,13076,12297,13354,12673,13077,12329,12156,11268,12694,11367,11471,9578,10597,10313,10060,9299,8478,5540,6351,4812,6678,6484,6000,6001,6331,5259,5274,4316,4846,4736,3968,4067,3433,3416,3256,3250,3131,2684,2650,2228,2468,2233,2122,1928,1607,1495,1286,1208,1221,794,789,621,471,455,339,295,231,202,193,83,71,44,51,36,21,22,21,13,14,傈僳族
lili-men,355374,5211,5666,5396,5220,5132,5069,5658,5519,5424,5395,5774,5314,5866,5557,5689,5833,5754,5906,5728,5872,7588,7214,7069,7255,6742,7054,7043,6999,7518,6400,6735,6671,6705,6473,6962,6571,6860,6357,6309,5802,6489,5832,5893,4930,5307,5197,5077,4716,4399,2733,3214,2440,3400,3119,2960,2953,3152,2509,2525,2103,2437,2367,1882,1936,1622,1650,1516,1543,1502,1276,1239,1027,1192,1045,1006,879,721,681,560,557,532,364,316,285,189,176,112,127,102,78,70,26,21,12,27,17,7,5,4,4,4,傈僳族男性
lili-women,347465,4992,5475,5206,5063,5134,4936,5443,5282,5211,5408,5501,4946,5616,5423,5505,5573,5803,5880,5744,5901,7783,7195,6818,6974,6698,6819,6479,6288,6699,6065,6792,5784,6371,5824,6392,6102,6217,5972,5847,5466,6205,5535,5578,4648,5290,5116,4983,4583,4079,2807,3137,2372,3278,3365,3040,3048,3179,2750,2749,2213,2409,2369,2086,2131,1811,1766,1740,1707,1629,1408,1411,1201,1276,1188,1116,1049,886,814,726,651,689,430,473,336,282,279,227,168,129,124,123,57,50,32,24,19,14,17,17,9,10,傈僳族女性
wa-all,429709,5677,5541,5335,5034,4749,4483,5213,5519,5613,5883,6149,5990,6685,6620,6762,7036,7386,7635,7969,8011,9844,9868,9472,9122,9959,9703,9326,9036,8505,7511,8881,7490,7960,7117,8283,8107,7706,7609,7117,6409,8441,7474,7153,6146,6674,6530,6643,5698,5193,3612,4958,3764,4862,3778,3675,3269,3270,2869,2944,2623,3520,3013,2529,2417,2565,2445,1848,1875,1854,1697,2162,1292,1244,1202,1134,1014,749,673,721,661,713,367,318,330,312,223,183,137,130,126,129,43,28,43,27,20,12,14,14,15,19,佤族
wa-men,216439,2877,2894,2727,2542,2378,2247,2587,2783,2814,2992,3135,3021,3371,3406,3400,3548,3597,3709,4057,4090,4861,4882,4659,4605,4889,4966,4824,4585,4298,3906,4490,3979,4125,3711,4396,4204,4047,3963,3680,3327,4283,3858,3559,3191,3318,3290,3370,2986,2585,1825,2482,1835,2491,1814,1736,1636,1636,1410,1461,1262,1710,1534,1241,1195,1172,1095,934,919,858,833,1011,596,600,567,526,444,325,308,346,293,337,145,123,146,132,86,63,55,64,48,51,10,11,16,11,4,4,6,5,6,9,佤族男性
wa-women,213270,2800,2647,2608,2492,2371,2236,2626,2736,2799,2891,3014,2969,3314,3214,3362,3488,3789,3926,3912,3921,4983,4986,4813,4517,5070,4737,4502,4451,4207,3605,4391,3511,3835,3406,3887,3903,3659,3646,3437,3082,4158,3616,3594,2955,3356,3240,3273,2712,2608,1787,2476,1929,2371,1964,1939,1633,1634,1459,1483,1361,1810,1479,1288,1222,1393,1350,914,956,996,864,1151,696,644,635,608,570,424,365,375,368,376,222,195,184,180,137,120,82,66,78,78,33,17,27,16,16,8,8,9,9,10,佤族女性
she-all,708651,10494,11593,11672,10747,10511,10219,10130,8930,8763,8869,8895,8318,9089,9030,9784,11797,11682,12127,11673,12085,14532,13025,11881,11781,10575,10357,10254,9885,11326,9737,8875,10527,11116,11055,12203,12181,12382,13033,12545,12804,12807,12467,13083,11048,12089,11866,10798,12659,9628,5191,7060,6594,8267,8891,7979,8303,8292,7356,7463,6161,5814,5871,5229,4525,4300,3610,3968,3523,3222,3391,3349,3146,3466,3465,3088,2886,2680,2703,2117,2038,1954,1625,1651,1257,1074,973,704,615,482,368,292,231,169,106,93,61,43,28,22,11,17,畲族
she-man,383213,5819,6346,6342,5879,5612,5428,5415,4687,4717,4703,4621,4396,4819,4743,5173,6141,6066,6128,5969,6225,7331,6566,5921,6079,5532,5462,5491,5223,6118,5168,4822,5716,6112,6117,6671,6663,6844,7245,6961,7076,7063,6923,7182,6039,6601,6623,5898,6886,5309,2757,3958,3804,4677,4990,4436,4614,4643,4055,4201,3498,3331,3381,2994,2579,2471,2155,2310,2026,1891,1940,1926,1785,1996,1968,1782,1552,1427,1405,1108,1054,1035,838,803,609,509,450,329,260,208,160,117,100,61,41,36,23,17,15,8,5,4,畲族男性
she-women,325438,4675,5247,5330,4868,4899,4791,4715,4243,4046,4166,4274,3922,4270,4287,4611,5656,5616,5999,5704,5860,7201,6459,5960,5702,5043,4895,4763,4662,5208,4569,4053,4811,5004,4938,5532,5518,5538,5788,5584,5728,5744,5544,5901,5009,5488,5243,4900,5773,4319,2434,3102,2790,3590,3901,3543,3689,3649,3301,3262,2663,2483,2490,2235,1946,1829,1455,1658,1497,1331,1451,1423,1361,1470,1497,1306,1334,1253,1298,1009,984,919,787,848,648,565,523,375,355,274,208,175,131,108,65,57,38,26,13,14,6,13,畲族女性
gaoshan-all,4009,49,56,69,55,46,60,51,38,44,43,34,46,47,53,48,66,51,77,60,97,110,87,106,96,63,91,66,81,73,73,57,59,71,42,58,45,59,66,73,58,67,65,61,60,72,72,78,85,60,48,63,31,46,67,36,45,38,41,45,31,27,22,21,32,19,19,18,9,21,11,12,4,16,11,13,5,13,13,7,12,5,10,9,11,12,3,5,6,3,1,2,,,,,1,1,,,,,高山族
gaoshan-men,2029,20,32,32,27,25,32,24,20,19,29,14,21,21,25,25,41,31,41,30,45,52,47,52,50,27,44,30,31,39,38,26,24,29,21,26,23,30,28,44,30,33,31,32,42,36,35,42,46,33,19,28,16,24,37,21,28,23,19,22,18,14,18,8,18,9,10,11,7,12,5,5,2,10,7,9,3,7,4,1,8,1,6,5,5,2,,3,3,3,1,1,,,,,,1,,,,,高山族男性
gaoshan-women,1980,29,24,37,28,21,28,27,18,25,14,20,25,26,28,23,25,20,36,30,52,58,40,54,46,36,47,36,50,34,35,31,35,42,21,32,22,29,38,29,28,34,34,29,18,36,37,36,39,27,29,35,15,22,30,15,17,15,22,23,13,13,4,13,14,10,9,7,2,9,6,7,2,6,4,4,2,6,9,6,4,4,4,4,6,10,3,2,3,,,1,,,,,1,,,,,,高山族女性
laku-all,485966,6647,7031,6840,6390,6375,5867,6102,5939,5832,6030,6294,6306,6828,6863,7004,7280,7282,7596,7966,8594,11391,11019,10660,10774,10561,10342,10175,10026,9667,8824,9721,8411,9158,8574,9267,9097,9479,8880,8008,7936,9539,8650,8651,7488,7942,7775,7501,7005,6325,4731,5656,4429,5782,4726,4170,3973,3529,3308,3090,2960,3468,3172,3052,3082,2597,2332,2079,2195,2011,1855,2002,1435,1608,1458,1283,1115,904,959,760,685,754,414,458,385,332,271,200,201,125,115,124,52,62,28,33,17,15,22,18,9,13,拉祜族
laku-men,247667,3360,3564,3435,3231,3256,2945,3123,3057,3019,3081,3188,3188,3563,3510,3651,3691,3743,3942,4199,4321,5689,5568,5439,5503,5466,5318,5229,5199,5096,4620,4959,4493,4839,4587,4837,4683,5040,4766,4180,4164,4943,4518,4370,3863,4013,3917,3815,3627,3232,2387,2896,2193,2926,2374,2143,2036,1774,1674,1550,1452,1644,1576,1440,1457,1218,1090,976,1042,910,874,922,647,760,632,594,523,391,418,323,307,312,169,188,175,148,104,63,73,54,43,45,18,34,9,10,4,5,12,8,2,2,拉祜族男性
laku-women,238299,3287,3467,3405,3159,3119,2922,2979,2882,2813,2949,3106,3118,3265,3353,3353,3589,3539,3654,3767,4273,5702,5451,5221,5271,5095,5024,4946,4827,4571,4204,4762,3918,4319,3987,4430,4414,4439,4114,3828,3772,4596,4132,4281,3625,3929,3858,3686,3378,3093,2344,2760,2236,2856,2352,2027,1937,1755,1634,1540,1508,1824,1596,1612,1625,1379,1242,1103,1153,1101,981,1080,788,848,826,689,592,513,541,437,378,442,245,270,210,184,167,137,128,71,72,79,34,28,19,23,13,10,10,10,7,11,拉祜族女性
shui-all,411847,7277,7656,7136,6576,6588,6237,7138,7117,7172,7849,8155,8500,8852,8522,8306,8158,7925,7664,7168,6301,7154,6682,7041,7429,6816,6453,6329,6021,6668,6433,6553,6291,6494,5868,6713,7029,7072,6301,6444,6133,6691,6063,6763,5407,5850,5928,5799,5672,4020,2257,2427,2402,3443,3623,3244,3510,3748,3440,3183,2711,3010,2942,2625,2525,2462,2243,2257,2171,1927,2068,2214,1771,1904,1910,1763,1429,1263,1302,1108,904,870,555,555,391,221,189,183,155,128,107,83,52,46,36,17,20,16,8,3,5,7,水族
shui-men,213644,4118,4350,3977,3817,3757,3521,3913,3969,4012,4245,4361,4587,4724,4529,4391,4375,4075,3911,3779,3236,3540,3364,3557,3725,3363,3191,3197,3102,3310,3276,3229,3341,3407,3085,3485,3644,3622,3277,3388,3211,3403,3165,3420,2768,3084,3079,2980,2920,2066,1141,1171,1160,1759,1852,1637,1826,1913,1728,1601,1379,1542,1509,1290,1237,1227,1063,1122,1032,906,1046,1019,862,869,910,821,670,587,611,472,372,381,239,214,160,102,82,75,57,43,23,23,21,13,13,5,4,4,3,,,2,水族男性
shui-women,198203,3159,3306,3159,2759,2831,2716,3225,3148,3160,3604,3794,3913,4128,3993,3915,3783,3850,3753,3389,3065,3614,3318,3484,3704,3453,3262,3132,2919,3358,3157,3324,2950,3087,2783,3228,3385,3450,3024,3056,2922,3288,2898,3343,2639,2766,2849,2819,2752,1954,1116,1256,1242,1684,1771,1607,1684,1835,1712,1582,1332,1468,1433,1335,1288,1235,1180,1135,1139,1021,1022,1195,909,1035,1000,942,759,676,691,636,532,489,316,341,231,119,107,108,98,85,84,60,31,33,23,12,16,12,5,3,5,5,水族女性
dongxiang-all,621500,11720,12089,12600,11698,11192,11005,10845,10482,10246,10233,10598,10745,13101,12190,12152,13941,12357,12365,13559,12960,15136,13952,11781,13308,11285,11812,10897,10090,10830,8955,10928,8484,9526,9172,9469,10177,9757,9402,11147,8390,11366,8861,9716,9030,8055,8075,7765,6925,6786,3961,4638,2958,3402,3505,3101,3471,3322,3607,3739,3176,3998,3464,3436,3767,3044,3348,2705,3134,3144,2480,3057,2021,2315,2355,1543,1488,1181,1274,1266,999,1110,565,638,664,369,344,277,285,227,174,210,98,121,87,45,47,34,35,39,10,67,东乡族
dongxiang-men,317490,6442,6768,6976,6458,6069,6004,5962,5663,5542,5583,5693,5694,6911,6406,6302,7277,6333,6300,6922,6491,7197,6823,5709,6516,5592,5780,5383,5077,5424,4504,5204,4245,4509,4642,4684,4964,4690,4570,5712,4295,5441,4369,4896,4563,4127,4272,4177,3595,3582,1907,2352,1479,1738,1768,1562,1784,1629,1760,1874,1532,1967,1716,1704,1859,1425,1649,1387,1579,1613,1298,1538,994,1170,1200,818,776,615,660,643,509,571,264,320,326,177,164,133,140,102,90,95,47,54,37,27,19,15,12,24,5,25,东乡族男性
dongxiang-women,304010,5278,5321,5624,5240,5123,5001,4883,4819,4704,4650,4905,5051,6190,5784,5850,6664,6024,6065,6637,6469,7939,7129,6072,6792,5693,6032,5514,5013,5406,4451,5724,4239,5017,4530,4785,5213,5067,4832,5435,4095,5925,4492,4820,4467,3928,3803,3588,3330,3204,2054,2286,1479,1664,1737,1539,1687,1693,1847,1865,1644,2031,1748,1732,1908,1619,1699,1318,1555,1531,1182,1519,1027,1145,1155,725,712,566,614,623,490,539,301,318,338,192,180,144,145,125,84,115,51,67,50,18,28,19,23,15,5,42,东乡族女性
naxi-all,326295,3176,3287,3223,3073,3077,3217,3488,3233,3416,3746,4325,4222,4528,4458,4562,5090,5165,5207,5361,5470,6612,6421,6582,6086,5279,4879,4883,4587,5123,4412,4414,5276,5762,5867,6354,6279,6800,6715,6920,6628,6419,6545,6596,5085,6137,6174,5871,5924,4921,2447,2829,2093,2956,3443,3200,3584,3648,3095,3070,2535,2641,2748,2587,2462,2139,2200,2329,2211,2064,1890,1892,1787,2104,1932,1714,1334,1162,1087,971,902,842,606,555,469,372,320,267,216,184,137,118,73,76,38,31,22,14,8,6,6,4,纳西族
naxi-men,162635,1677,1657,1637,1596,1603,1680,1714,1700,1700,1854,2188,2113,2245,2258,2249,2554,2526,2587,2671,2643,3142,3165,3271,2977,2575,2461,2436,2352,2558,2232,2224,2667,2914,2871,3252,3207,3462,3435,3603,3418,3238,3321,3382,2638,3166,3161,3020,2986,2493,1203,1482,1046,1497,1744,1616,1821,1784,1479,1514,1239,1338,1332,1255,1203,1025,1067,1124,1077,975,899,923,836,1002,875,804,611,484,459,417,391,346,255,231,183,125,108,92,73,65,48,34,20,21,7,5,9,3,3,3,2,1,纳西族男性
naxi-wonen,163660,1499,1630,1586,1477,1474,1537,1774,1533,1716,1892,2137,2109,2283,2200,2313,2536,2639,2620,2690,2827,3470,3256,3311,3109,2704,2418,2447,2235,2565,2180,2190,2609,2848,2996,3102,3072,3338,3280,3317,3210,3181,3224,3214,2447,2971,3013,2851,2938,2428,1244,1347,1047,1459,1699,1584,1763,1864,1616,1556,1296,1303,1416,1332,1259,1114,1133,1205,1134,1089,991,969,951,1102,1057,910,723,678,628,554,511,496,351,324,286,247,212,175,143,119,89,84,53,55,31,26,13,11,5,3,4,3,纳西族女性
jinpo-all,147828,2536,2903,2653,2481,2317,2130,2296,2278,2253,2388,2441,2401,2368,2383,2289,2263,2385,2364,2249,2570,3397,3300,3385,3387,3357,3510,3205,2953,2798,2647,2877,2585,2761,2680,2849,2724,2670,2523,2493,2181,2477,2331,2290,2005,2077,1812,1821,1855,1562,1328,1502,1474,1595,1305,1118,990,1028,806,884,686,865,988,671,785,706,671,547,563,536,447,569,333,388,394,303,289,209,206,169,159,186,83,109,70,85,67,53,46,30,33,25,9,15,3,10,2,2,6,6,4,10,景颇族
jingpo-men,71318,1354,1515,1383,1312,1159,1103,1189,1235,1108,1222,1278,1257,1207,1187,1178,1177,1198,1203,1158,1284,1603,1567,1555,1596,1661,1734,1501,1404,1310,1291,1370,1241,1310,1327,1391,1273,1258,1221,1223,1036,1114,1138,1106,907,965,851,823,855,759,639,720,671,726,564,527,466,458,378,438,288,374,448,317,341,291,265,225,228,211,189,224,138,166,152,116,109,70,89,66,55,61,35,45,20,30,18,14,17,5,7,6,2,4,,3,,,1,2,,2,景颇族男性
jingpo-women,76510,1182,1388,1270,1169,1158,1027,1107,1043,1145,1166,1163,1144,1161,1196,1111,1086,1187,1161,1091,1286,1794,1733,1830,1791,1696,1776,1704,1549,1488,1356,1507,1344,1451,1353,1458,1451,1412,1302,1270,1145,1363,1193,1184,1098,1112,961,998,1000,803,689,782,803,869,741,591,524,570,428,446,398,491,540,354,444,415,406,322,335,325,258,345,195,222,242,187,180,139,117,103,104,125,48,64,50,55,49,39,29,25,26,19,7,11,3,7,2,2,5,4,4,8,景颇族女性
keerkezi-all,186708,3535,3551,3756,3525,3387,3456,3390,3583,3202,3087,3039,2781,2891,2715,2773,2678,2764,3108,4026,4248,4976,5006,4443,4388,4186,4327,4168,3851,3649,3314,4016,2973,3220,2670,3238,3236,3002,2949,2978,2438,3276,2570,2602,1899,1942,2140,2143,1771,1732,1236,1789,1102,1295,1188,1136,1218,1348,1190,1123,1003,1391,1101,1023,849,768,887,880,678,751,542,787,545,481,404,360,380,356,358,294,242,324,221,163,134,82,86,78,72,56,52,51,26,12,7,7,8,6,9,5,4,2,柯尔克孜族
keerkezi-men,94645,1823,1773,1915,1829,1788,1770,1724,1808,1622,1556,1532,1411,1465,1381,1393,1309,1430,1564,1937,2048,2417,2411,2264,2193,2048,2170,2114,1973,1870,1753,2051,1525,1611,1409,1621,1677,1583,1526,1553,1212,1638,1288,1287,976,1011,1057,1097,854,909,589,870,573,672,571,544,629,690,611,517,519,721,619,491,460,390,454,438,367,385,312,403,298,268,225,187,198,185,183,165,127,181,150,95,79,49,55,45,46,26,28,19,11,7,3,3,2,3,2,1,2,1,柯尔克孜族男性
keerkezi-women,92063,1712,1778,1841,1696,1599,1686,1666,1775,1580,1531,1507,1370,1426,1334,1380,1369,1334,1544,2089,2200,2559,2595,2179,2195,2138,2157,2054,1878,1779,1561,1965,1448,1609,1261,1617,1559,1419,1423,1425,1226,1638,1282,1315,923,931,1083,1046,917,823,647,919,529,623,617,592,589,658,579,606,484,670,482,532,389,378,433,442,311,366,230,384,247,213,179,173,182,171,175,129,115,143,71,68,55,33,31,33,26,30,24,32,15,5,4,4,6,3,7,4,2,1,柯尔克孜族女性
tu-all,289565,3965,4004,3914,3686,3891,3857,4087,3924,3725,4180,4347,4018,4439,4335,4546,5535,5679,6822,6685,6240,7149,6118,5486,5797,4905,4258,4372,4381,5461,4932,5156,4993,5090,4876,5560,5751,5947,5759,5599,5598,5878,5404,5883,4730,5081,4925,4939,4581,3793,1709,1879,1802,2288,2691,2439,2516,2319,2307,2175,1780,1752,1835,1423,1443,1403,1292,1231,1246,1077,1067,974,708,806,764,661,616,512,477,403,382,285,164,194,139,111,109,78,55,42,40,25,11,13,6,12,6,6,6,3,2,,土族
tu-men,148055,2157,2135,2141,1938,2074,2022,2132,2038,1968,2189,2307,2053,2352,2229,2404,2873,2812,3428,3306,3107,3451,3071,2803,2990,2494,2169,2234,2193,2814,2514,2638,2565,2591,2539,2919,2979,3113,3009,2836,2899,2969,2761,3045,2366,2580,2479,2572,2336,1897,869,979,942,1198,1381,1190,1302,1190,1176,1088,883,886,921,718,693,695,606,619,625,542,517,502,322,387,372,306,285,241,216,187,172,112,66,94,61,51,44,33,22,20,17,9,4,5,1,5,1,3,4,1,1,,土族男性
tu-women,141510,1808,1869,1773,1748,1817,1835,1955,1886,1757,1991,2040,1965,2087,2106,2142,2662,2867,3394,3379,3133,3698,3047,2683,2807,2411,2089,2138,2188,2647,2418,2518,2428,2499,2337,2641,2772,2834,2750,2763,2699,2909,2643,2838,2364,2501,2446,2367,2245,1896,840,900,860,1090,1310,1249,1214,1129,1131,1087,897,866,914,705,750,708,686,612,621,535,550,472,386,419,392,355,331,271,261,216,210,173,98,100,78,60,65,45,33,22,23,16,7,8,5,7,5,3,2,2,1,,土族女性
dawoer-all,131992,1634,1772,1741,1708,1603,1588,1570,1271,1369,1355,1362,1362,1580,1709,1962,2042,2177,2310,2251,2318,2946,2940,2769,2731,2647,2536,2624,2565,2777,2367,2215,2128,2188,1942,2205,2242,2322,2554,2506,2578,2682,2384,2427,2098,2194,2354,2440,2578,1948,1478,1991,1634,1827,1817,1602,1617,1619,1251,1118,987,991,853,665,615,510,478,403,379,379,474,438,412,445,336,320,299,296,240,139,127,139,95,100,73,44,52,33,28,34,24,14,10,10,2,6,5,2,2,3,3,2,达斡尔族
dawoer-men,64866,851,930,901,878,830,770,814,645,721,732,710,670,820,873,939,1065,1037,1104,1114,1111,1452,1460,1361,1344,1300,1300,1319,1278,1358,1215,1136,1061,1110,993,1058,1079,1146,1216,1268,1280,1349,1154,1165,1024,1074,1125,1140,1276,934,690,955,746,889,861,726,718,741,590,535,474,464,399,325,304,235,238,195,172,155,220,207,176,217,152,156,136,143,119,69,66,65,43,49,37,23,19,16,8,12,12,3,5,2,1,,2,2,1,,3,,达斡尔族男性
dawoer-women,67126,783,842,840,830,773,818,756,626,648,623,652,692,760,836,1023,977,1140,1206,1137,1207,1494,1480,1408,1387,1347,1236,1305,1287,1419,1152,1079,1067,1078,949,1147,1163,1176,1338,1238,1298,1333,1230,1262,1074,1120,1229,1300,1302,1014,788,1036,888,938,956,876,899,878,661,583,513,527,454,340,311,275,240,208,207,224,254,231,236,228,184,164,163,153,121,70,61,74,52,51,36,21,33,17,20,22,12,11,5,8,1,6,3,,1,3,,2,达斡尔族女性
mulao-all,216257,3544,3696,3460,3631,3309,2883,3057,2709,2624,2606,2657,2635,2905,2944,2701,2786,3083,3188,3428,3168,4319,4400,4172,4728,4602,4671,4542,4223,4119,3635,3533,3655,3564,3327,3789,3820,4016,3517,3541,3426,3718,3573,4122,3074,3502,3625,3349,3665,2854,1254,1383,1560,2286,2223,2044,2131,2116,2082,1944,1780,1724,1660,1256,1170,1140,1119,1208,1103,945,1114,1017,945,1009,879,844,736,742,682,543,638,546,384,350,309,256,203,158,137,106,112,79,55,38,30,28,26,17,17,13,9,12,仫佬族
mulao-men,110516,1905,2006,1822,1907,1682,1512,1593,1441,1355,1364,1358,1339,1516,1508,1380,1469,1588,1592,1682,1594,2133,2214,2036,2308,2278,2374,2289,2251,2036,1816,1849,1896,1847,1756,1950,2013,2119,1845,1908,1790,1949,1923,2149,1594,1808,1914,1758,1912,1512,646,722,815,1204,1184,1044,1145,1026,1074,977,886,870,881,639,586,546,528,604,527,446,524,510,448,473,421,354,342,350,325,254,258,223,168,138,114,91,77,50,48,28,43,19,17,13,7,7,8,5,4,4,1,2,仫佬族男性
mulao-women,105741,1639,1690,1638,1724,1627,1371,1464,1268,1269,1242,1299,1296,1389,1436,1321,1317,1495,1596,1746,1574,2186,2186,2136,2420,2324,2297,2253,1972,2083,1819,1684,1759,1717,1571,1839,1807,1897,1672,1633,1636,1769,1650,1973,1480,1694,1711,1591,1753,1342,608,661,745,1082,1039,1000,986,1090,1008,967,894,854,779,617,584,594,591,604,576,499,590,507,497,536,458,490,394,392,357,289,380,323,216,212,195,165,126,108,89,78,69,60,38,25,23,21,18,12,13,9,8,10,仫佬族女性
qiang-all,309576,3600,3535,3364,3279,3165,3143,3437,3444,3444,3732,4146,4274,5093,5290,5602,6548,6947,7330,6444,5527,6565,6141,5558,5721,5310,4333,3765,3718,4967,4803,4287,4295,4470,4972,5874,6024,6460,6580,6298,6402,6277,5964,6202,4676,5537,5068,4977,4842,3416,1723,2104,2186,3007,3174,2951,3258,3223,3341,3496,2398,2320,2581,2136,2433,2100,1937,2108,2015,1936,2027,1701,1461,1484,1058,703,591,457,543,525,533,536,426,455,312,306,268,246,147,123,111,89,53,25,26,16,24,5,12,8,6,26,羌族
qiang-men,156539,1840,1816,1710,1696,1632,1603,1808,1770,1778,1822,2084,2129,2628,2694,2800,3298,3495,3673,3113,2722,3304,3038,2824,2846,2627,2196,1866,1848,2514,2432,2193,2211,2261,2544,2946,3002,3256,3321,3231,3275,3152,3093,3170,2434,2807,2644,2566,2583,1785,870,1091,1178,1596,1628,1464,1644,1580,1731,1779,1203,1235,1387,1086,1235,1058,916,1045,986,984,983,828,701,720,520,340,287,228,277,252,243,245,175,194,131,131,113,107,61,58,44,37,24,9,9,9,12,1,3,6,1,14,羌族男性
qiang-women,153037,1760,1719,1654,1583,1533,1540,1629,1674,1666,1910,2062,2145,2465,2596,2802,3250,3452,3657,3331,2805,3261,3103,2734,2875,2683,2137,1899,1870,2453,2371,2094,2084,2209,2428,2928,3022,3204,3259,3067,3127,3125,2871,3032,2242,2730,2424,2411,2259,1631,853,1013,1008,1411,1546,1487,1614,1643,1610,1717,1195,1085,1194,1050,1198,1042,1021,1063,1029,952,1044,873,760,764,538,363,304,229,266,273,290,291,251,261,181,175,155,139,86,65,67,52,29,16,17,7,12,4,9,2,5,12,羌族女性
bulang-all,119639,2035,2010,2116,1873,1795,1736,1836,1745,1724,1819,1896,1887,2004,2082,2167,2120,2259,2268,2316,2342,2935,2655,2494,2460,2550,2355,2370,2238,2181,2021,2160,1975,2084,1956,2131,2076,2078,1961,1891,1727,1944,1795,1820,1559,1830,1746,1688,1580,1455,974,1106,934,1195,1099,1024,976,910,796,812,671,741,717,637,648,574,498,439,411,433,443,381,327,331,284,334,326,238,224,195,189,223,131,121,93,83,90,53,48,41,42,22,17,17,7,5,9,4,9,5,4,3,布朗族
bulang-men,61230,1038,1012,1059,952,920,885,922,859,869,904,1006,942,993,1040,1100,1061,1085,1137,1186,1132,1497,1330,1276,1278,1324,1211,1218,1168,1169,1060,1143,1020,1075,1067,1141,1101,1116,1063,973,894,1058,935,978,817,968,952,860,813,773,505,528,479,620,564,514,498,469,410,405,311,401,360,328,316,285,259,217,203,218,232,187,154,173,149,144,148,111,97,81,86,79,54,54,37,39,38,13,22,12,11,6,8,9,1,2,3,1,4,3,1,1,布朗族男性
bulang-women,58409,997,998,1057,921,875,851,914,886,855,915,890,945,1011,1042,1067,1059,1174,1131,1130,1210,1438,1325,1218,1182,1226,1144,1152,1070,1012,961,1017,955,1009,889,990,975,962,898,918,833,886,860,842,742,862,794,828,767,682,469,578,455,575,535,510,478,441,386,407,360,340,357,309,332,289,239,222,208,215,211,194,173,158,135,190,178,127,127,114,103,144,77,67,56,44,52,40,26,29,31,16,9,8,6,3,6,3,5,2,3,2,布朗族女性
sala-all,130607,2638,2966,2898,2993,2679,2560,2590,2343,2290,2224,2405,2175,2244,2144,2117,2441,2520,2668,2767,2630,3056,2911,2659,2614,2404,2212,2259,2369,2475,2201,2537,2098,2140,2014,2076,2148,2084,2041,1922,1883,2168,1814,1794,1610,1477,1599,1586,1392,1056,618,782,657,948,926,880,961,814,786,840,725,938,796,650,689,635,614,599,616,538,472,544,335,451,362,338,308,268,251,220,199,184,115,144,83,84,63,42,53,46,34,31,21,13,12,10,6,5,6,3,,1,撒拉族
sala-men,66281,1378,1542,1588,1607,1430,1356,1315,1237,1185,1165,1281,1104,1130,1111,1045,1283,1286,1362,1394,1252,1525,1461,1328,1287,1198,1070,1088,1163,1245,1085,1228,1018,1115,1007,1002,1069,1036,998,935,964,1072,873,935,804,747,810,884,720,530,318,372,328,508,459,444,517,427,401,445,356,474,437,320,341,285,305,316,320,265,225,270,187,230,184,173,163,136,146,117,102,93,53,77,35,42,27,20,25,22,15,20,9,4,5,7,3,1,,3,,1,撒拉族男性
sala-women,64326,1260,1424,1310,1386,1249,1204,1275,1106,1105,1059,1124,1071,1114,1033,1072,1158,1234,1306,1373,1378,1531,1450,1331,1327,1206,1142,1171,1206,1230,1116,1309,1080,1025,1007,1074,1079,1048,1043,987,919,1096,941,859,806,730,789,702,672,526,300,410,329,440,467,436,444,387,385,395,369,464,359,330,348,350,309,283,296,273,247,274,148,221,178,165,145,132,105,103,97,91,62,67,48,42,36,22,28,24,19,11,12,9,7,3,3,4,6,,,,撒拉族女性
maonan-all,101192,1678,1637,1591,1553,1532,1495,1504,1468,1348,1318,1413,1416,1638,1701,1594,1537,1404,1431,1451,1222,1409,1410,1550,1714,1554,1673,1636,1542,1731,1559,1614,1736,1704,1509,1890,1903,1917,1832,1722,1789,1889,1744,1971,1531,1798,1713,1636,1828,1272,609,658,733,1064,1090,1026,1057,1050,941,1023,705,846,844,755,687,667,664,690,606,615,647,580,475,550,430,458,455,329,370,273,288,256,185,178,135,100,76,80,58,44,50,38,25,23,15,4,10,8,9,4,,2,毛南族
maonao-men,52836,922,887,856,848,800,788,785,776,713,716,734,774,885,874,849,801,671,722,745,652,700,675,791,870,796,905,823,774,899,851,830,928,922,772,1022,1005,1064,1005,954,981,981,966,1109,813,994,947,863,983,688,323,349,391,550,599,539,589,541,501,516,368,427,435,371,344,336,313,321,286,297,322,279,214,257,191,211,219,155,162,121,101,102,88,63,52,44,27,28,18,13,19,14,8,8,3,1,3,4,3,,,1,毛南族男性
maonao-women,48356,756,750,735,705,732,707,719,692,635,602,679,642,753,827,745,736,733,709,706,570,709,735,759,844,758,768,813,768,832,708,784,808,782,737,868,898,853,827,768,808,908,778,862,718,804,766,773,845,584,286,309,342,514,491,487,468,509,440,507,337,419,409,384,343,331,351,369,320,318,325,301,261,293,239,247,236,174,208,152,187,154,97,115,83,56,49,52,40,31,31,24,17,15,12,3,7,4,6,4,,1,毛南族女性
qilao-all,550746,8215,8943,9055,8860,9338,8674,9220,9387,9779,11784,12395,12397,13954,12758,11874,11986,10594,10771,9008,7273,8095,7377,7490,7569,6548,5897,5976,6057,7492,6772,6592,7116,7584,8167,10398,10569,11488,10020,9517,9298,9933,8860,9615,7154,8274,7828,7979,8453,5469,1951,2554,2843,4195,4708,4494,5157,5501,5674,5774,4114,4454,4985,4366,4274,4115,3424,3757,3494,3437,3401,2775,2385,2745,2367,2049,1759,1534,1512,1267,1061,1056,782,717,528,329,273,264,219,161,112,92,57,52,20,32,16,16,11,12,13,6,仡佬族
qilao-men,289369,4499,5021,5049,4897,5176,4835,5102,5101,5308,6387,6628,6560,7381,6690,6307,6286,5563,5623,4707,3785,4139,3642,3759,3738,3296,2855,3020,3096,3865,3549,3403,3662,3961,4204,5420,5485,5916,5251,4932,4836,5121,4498,4903,3666,4357,4063,4117,4341,2851,1008,1357,1494,2220,2489,2359,2729,2897,2997,3115,2189,2349,2726,2283,2234,2178,1804,2042,1821,1795,1847,1471,1269,1505,1246,1080,927,795,818,645,544,530,372,350,240,165,141,122,109,71,53,34,27,15,9,11,10,8,7,5,4,2,仡佬族男性
qilao-women,261377,3716,3922,4006,3963,4162,3839,4118,4286,4471,5397,5767,5837,6573,6068,5567,5700,5031,5148,4301,3488,3956,3735,3731,3831,3252,3042,2956,2961,3627,3223,3189,3454,3623,3963,4978,5084,5572,4769,4585,4462,4812,4362,4712,3488,3917,3765,3862,4112,2618,943,1197,1349,1975,2219,2135,2428,2604,2677,2659,1925,2105,2259,2083,2040,1937,1620,1715,1673,1642,1554,1304,1116,1240,1121,969,832,739,694,622,517,526,410,367,288,164,132,142,110,90,59,58,30,37,11,21,6,8,4,7,9,4,仡佬族女性
xibo-all,190481,1951,2394,2351,2519,2403,2366,2228,1843,2329,2196,2184,2028,2262,2323,2506,2860,3102,3146,3209,3392,4290,4096,4045,4349,3875,2793,2512,2829,3605,3162,3326,3383,3206,2602,2637,2779,3008,3466,3291,3370,3645,3567,3603,2707,3235,3471,3487,4022,2712,1698,2642,2134,2582,2728,2518,2680,2634,2177,2021,1791,1819,1525,1333,1066,993,937,932,911,854,791,688,669,702,615,587,517,457,398,371,288,340,229,227,194,169,136,97,73,71,73,38,29,15,22,13,8,9,7,3,3,2,锡伯族
xibo-men,99571,962,1219,1216,1339,1259,1249,1178,977,1223,1102,1112,1080,1158,1163,1273,1456,1529,1514,1573,1671,2098,2056,2056,2228,2016,1395,1248,1433,1804,1653,1641,1756,1683,1383,1337,1427,1607,1827,1723,1725,1890,1852,1928,1436,1753,1852,1823,2087,1404,867,1408,1153,1363,1427,1334,1411,1437,1251,1109,1031,1015,906,763,597,542,543,531,511,493,430,405,394,421,360,346,301,267,227,207,169,192,119,119,114,99,69,56,41,47,49,20,16,8,10,5,5,3,2,1,2,1,锡伯族男性
xibo-women,90910,989,1175,1135,1180,1144,1117,1050,866,1106,1094,1072,948,1104,1160,1233,1404,1573,1632,1636,1721,2192,2040,1989,2121,1859,1398,1264,1396,1801,1509,1685,1627,1523,1219,1300,1352,1401,1639,1568,1645,1755,1715,1675,1271,1482,1619,1664,1935,1308,831,1234,981,1219,1301,1184,1269,1197,926,912,760,804,619,570,469,451,394,401,400,361,361,283,275,281,255,241,216,190,171,164,119,148,110,108,80,70,67,41,32,24,24,18,13,7,12,8,3,6,5,2,1,1,锡伯族女性
achang-all,39555,836,914,792,748,736,685,622,697,722,738,782,783,784,699,692,718,725,663,754,660,875,843,837,840,768,815,786,663,662,641,603,548,636,649,595,548,587,687,591,529,668,556,604,523,540,525,467,485,462,337,406,342,408,409,328,298,297,228,218,175,213,233,174,167,145,165,172,150,133,128,112,96,119,93,86,81,76,91,55,60,48,41,31,22,24,22,16,20,17,11,6,7,2,2,2,3,1,2,,,,阿昌族
achang-men,19751,414,457,394,385,390,346,341,338,389,383,410,411,391,380,367,350,347,315,392,314,458,422,401,438,384,423,370,348,326,322,303,272,335,350,299,272,311,322,293,251,343,303,288,264,276,263,235,242,226,161,211,163,183,203,173,139,148,113,108,80,101,115,86,74,69,74,76,65,52,53,49,44,50,51,41,36,32,36,22,12,14,10,8,6,11,9,5,3,6,1,,1,,,,2,,1,,,,阿昌族男性
achang-women,19804,422,457,398,363,346,339,281,359,333,355,372,372,393,319,325,368,378,348,362,346,417,421,436,402,384,392,416,315,336,319,300,276,301,299,296,276,276,365,298,278,325,253,316,259,264,262,232,243,236,176,195,179,225,206,155,159,149,115,110,95,112,118,88,93,76,91,96,85,81,75,63,52,69,42,45,45,44,55,33,48,34,31,23,16,13,13,11,17,11,10,6,6,2,2,2,1,1,1,,,,阿昌族女性
pumi-all,42861,631,772,647,580,609,528,688,655,705,732,736,725,720,732,716,760,839,956,846,939,1061,962,918,902,776,766,771,725,752,722,658,753,707,710,809,825,787,715,769,747,674,731,730,548,673,661,539,577,518,242,324,203,290,339,288,360,301,293,264,228,250,247,259,224,198,182,218,204,200,146,147,169,183,154,138,128,107,85,76,75,68,45,51,38,35,29,10,15,11,11,10,5,6,1,2,,,,,,,普米族
pumi-men,21433,326,397,352,279,324,280,334,333,373,363,385,348,369,370,369,393,418,455,423,502,520,455,459,444,358,406,434,355,396,363,318,382,375,334,403,412,420,370,369,393,334,373,344,302,352,355,262,291,263,115,180,106,141,167,128,190,140,135,131,110,140,110,122,109,94,85,103,92,82,61,66,76,86,69,64,50,48,35,27,24,29,16,22,7,9,12,2,4,3,2,3,1,1,1,,,,,,,,普米族男性
pumu-women,21428,305,375,295,301,285,248,354,322,332,369,351,377,351,362,347,367,421,501,423,437,541,507,459,458,418,360,337,370,356,359,340,371,332,376,406,413,367,345,400,354,340,358,386,246,321,306,277,286,255,127,144,97,149,172,160,170,161,158,133,118,110,137,137,115,104,97,115,112,118,85,81,93,97,85,74,78,59,50,49,51,39,29,29,31,26,17,8,11,8,9,7,4,5,,2,,,,,,,普米族女性
tajike-all,51069,763,1029,937,897,841,886,926,991,889,859,863,833,959,843,875,854,1013,1166,1235,1054,1312,1273,1206,1149,1206,1125,1129,1081,1019,991,1070,884,897,797,908,857,887,760,804,647,783,654,641,479,465,506,544,412,436,316,493,331,362,369,362,354,307,270,281,206,364,291,258,249,175,249,210,175,181,152,211,116,113,119,126,117,91,67,76,62,93,31,51,26,18,35,24,22,23,15,15,4,5,5,1,3,4,2,2,2,,塔吉克族
tajike-men,26112,388,523,488,456,459,423,462,521,445,384,462,466,506,417,456,405,533,618,606,530,663,678,611,579,596,564,593,590,504,483,552,454,440,440,448,468,457,386,437,308,380,328,302,265,237,254,295,211,225,152,239,165,207,185,184,174,170,140,140,107,173,155,122,124,106,117,104,89,91,80,102,67,60,63,68,48,49,42,48,28,46,18,35,14,10,19,9,12,15,7,12,2,3,4,1,2,3,1,2,2,,塔吉克族男性
tajike-women,24957,375,506,449,441,382,463,464,470,444,475,401,367,453,426,419,449,480,548,629,524,649,595,595,570,610,561,536,491,515,508,518,430,457,357,460,389,430,374,367,339,403,326,339,214,228,252,249,201,211,164,254,166,155,184,178,180,137,130,141,99,191,136,136,125,69,132,106,86,90,72,109,49,53,56,58,69,42,25,28,34,47,13,16,12,8,16,15,10,8,8,3,2,2,1,,1,1,1,,,,塔吉克族女性
nu-all,37523,592,642,622,557,539,569,599,601,556,542,685,522,552,546,618,600,633,592,703,613,797,733,736,713,763,712,754,760,755,644,728,679,658,575,671,623,614,659,527,520,732,594,596,443,532,533,573,487,451,299,377,275,407,335,316,297,315,266,252,267,309,290,225,235,207,189,161,170,154,166,182,133,127,120,122,128,100,82,83,70,87,70,47,26,35,28,19,10,15,18,18,11,7,4,2,4,5,4,1,2,6,怒族
nu-men,18907,302,325,303,273,261,299,296,278,282,244,336,265,292,290,315,285,326,289,364,326,422,383,362,374,388,353,362,386,398,339,376,348,324,301,336,335,319,345,270,264,377,305,314,239,277,280,276,255,222,141,175,125,225,159,156,152,157,124,123,138,158,157,117,112,96,94,77,81,67,85,88,53,70,49,60,53,52,39,37,30,45,26,19,13,17,15,8,5,5,7,6,4,,,,1,,2,,,3,怒族男性
nu-women,18616,290,317,319,284,278,270,303,323,274,298,349,257,260,256,303,315,307,303,339,287,375,350,374,339,375,359,392,374,357,305,352,331,334,274,335,288,295,314,257,256,355,289,282,204,255,253,297,232,229,158,202,150,182,176,160,145,158,142,129,129,151,133,108,123,111,95,84,89,87,81,94,80,57,71,62,75,48,43,46,40,42,44,28,13,18,13,11,5,10,11,12,7,7,4,2,3,5,2,1,2,3,怒族女性
wuzibieke-all,10569,150,179,191,165,136,152,127,170,150,143,174,143,169,158,138,154,157,150,201,188,244,239,252,253,229,192,194,216,190,162,163,154,160,147,195,181,169,177,200,165,180,143,147,126,155,174,152,169,147,88,111,95,124,103,126,105,92,101,87,80,92,83,73,65,43,57,54,65,59,42,52,37,34,41,34,23,25,8,18,14,13,7,13,4,7,10,4,,4,1,,1,,,,1,,1,1,,1,乌兹别克族
wuzibieke-men,5673,82,94,101,83,74,83,61,85,81,77,90,87,93,80,62,80,69,81,95,102,115,132,135,137,113,123,98,127,111,98,100,83,93,87,116,104,84,100,113,87,100,78,89,69,92,92,81,78,78,38,63,48,58,51,59,57,54,51,48,42,56,36,37,38,19,36,26,34,29,22,27,22,19,20,19,12,12,5,13,8,9,3,7,4,6,5,2,,1,1,,,,,,1,,,1,,1,乌兹别克族男性
wuzibieke-women,4896,68,85,90,82,62,69,66,85,69,66,84,56,76,78,76,74,88,69,106,86,129,107,117,116,116,69,96,89,79,64,63,71,67,60,79,77,85,77,87,78,80,65,58,57,63,82,71,91,69,50,48,47,66,52,67,48,38,50,39,38,36,47,36,27,24,21,28,31,30,20,25,15,15,21,15,11,13,3,5,6,4,4,6,,1,5,2,,3,,,1,,,,,,1,,,,乌兹别克族女性
eluosi-all,15393,135,154,138,172,140,138,149,145,140,162,173,175,173,199,187,238,252,247,246,239,309,348,325,320,241,205,199,240,236,191,226,226,229,177,230,291,289,350,285,306,373,270,317,236,257,310,302,345,252,193,242,200,229,223,242,184,165,147,140,136,129,136,104,94,90,89,91,102,105,67,73,82,90,65,64,75,43,48,39,45,37,15,40,13,12,12,16,4,6,8,3,1,3,,1,,1,1,1,,,俄罗斯族
eluosi-men,7284,75,76,70,84,75,62,72,73,64,89,91,83,87,92,93,119,121,128,111,120,136,155,151,151,110,82,85,123,111,95,115,95,102,96,122,132,141,178,133,145,216,132,141,122,113,162,134,157,137,91,106,98,111,103,123,88,82,76,67,70,62,71,40,42,36,42,43,43,40,22,27,30,39,21,21,31,16,12,14,17,15,5,7,2,6,2,3,,1,,1,,1,,,,,,,,,俄罗斯族男性
eluosi-women,8109,60,78,68,88,65,76,77,72,76,73,82,92,86,107,94,119,131,119,135,119,173,193,174,169,131,123,114,117,125,96,111,131,127,81,108,159,148,172,152,161,157,138,176,114,144,148,168,188,115,102,136,102,118,120,119,96,83,71,73,66,67,65,64,52,54,47,48,59,65,45,46,52,51,44,43,44,27,36,25,28,22,10,33,11,6,10,13,4,5,8,2,1,2,,1,,1,1,1,,,俄罗斯族女性
ewenke-all,30875,443,500,507,442,496,376,418,293,328,371,366,362,447,460,523,596,644,641,676,661,749,696,715,682,673,703,647,611,631,539,583,514,490,460,494,505,608,622,605,575,646,568,611,466,507,519,491,574,441,299,414,324,347,331,272,278,255,183,183,130,151,128,104,81,74,74,65,49,52,71,80,47,63,52,47,50,45,42,19,12,10,14,9,9,12,8,3,4,2,3,1,,1,,2,,,,,,,鄂温克族
ewenke-men,14668,218,227,256,239,253,186,215,138,176,181,187,181,201,231,234,295,325,324,345,311,341,328,354,320,327,345,291,321,324,256,289,255,234,248,235,228,290,279,298,261,289,261,278,221,238,233,236,268,214,119,182,137,149,151,118,130,130,83,72,56,65,59,37,32,28,26,30,21,20,23,32,15,25,24,16,19,20,13,11,5,4,7,4,6,6,3,1,1,,1,1,,1,,,,,,,,,鄂温克族男性
ewenke-women,16207,225,273,251,203,243,190,203,155,152,190,179,181,246,229,289,301,319,317,331,350,408,368,361,362,346,358,356,290,307,283,294,259,256,212,259,277,318,343,307,314,357,307,333,245,269,286,255,306,227,180,232,187,198,180,154,148,125,100,111,74,86,69,67,49,46,48,35,28,32,48,48,32,38,28,31,31,25,29,8,7,6,7,5,3,6,5,2,3,2,2,,,,,2,,,,,,,鄂温克族女性
deang-all,20556,423,396,381,380,340,385,355,348,323,313,320,332,340,306,321,324,327,338,321,352,444,488,482,481,468,502,424,418,404,359,409,365,366,300,341,283,310,285,307,287,371,337,318,274,271,279,314,264,205,190,235,183,269,183,162,143,147,119,113,120,132,97,100,96,64,75,61,68,65,64,66,55,58,47,49,38,39,29,24,23,25,13,15,18,13,17,15,18,6,7,4,1,4,,1,,2,,,,2,德昂族
deang-men,10039,232,194,191,182,155,190,170,166,167,160,162,161,168,149,173,179,161,174,173,186,205,236,219,224,222,220,202,194,206,175,197,186,179,149,163,143,138,128,138,148,187,164,152,139,130,146,167,126,100,92,130,97,132,89,71,67,72,59,67,45,67,43,53,46,22,37,31,36,30,28,24,22,29,25,23,11,15,16,11,11,12,6,7,5,5,8,2,5,4,4,1,,1,,1,,,,,,1,德昂族男性
deang-women,10517,191,202,190,198,185,195,185,182,156,153,158,171,172,157,148,145,166,164,148,166,239,252,263,257,246,282,222,224,198,184,212,179,187,151,178,140,172,157,169,139,184,173,166,135,141,133,147,138,105,98,105,86,137,94,91,76,75,60,46,75,65,54,47,50,42,38,30,32,35,36,42,33,29,22,26,27,24,13,13,12,13,7,8,13,8,9,13,13,2,3,3,1,3,,,,2,,,,1,德昂族女性
baoan-all,20074,459,455,509,419,361,354,379,339,364,396,402,331,330,347,422,433,387,385,443,438,536,421,415,368,367,316,282,264,274,257,303,222,246,279,309,333,303,320,367,294,406,332,303,300,293,261,220,194,188,114,161,115,136,144,131,140,136,119,101,117,143,142,88,98,90,134,84,104,101,69,87,59,51,78,52,60,42,31,29,38,28,16,19,17,7,11,15,6,5,7,6,1,,4,2,3,1,2,2,2,,保安族
baoan-men,10016,257,234,292,216,174,199,193,178,192,192,203,166,158,188,236,221,192,192,195,233,240,206,194,192,173,151,150,140,137,131,134,92,121,104,160,144,161,150,178,162,188,170,152,169,160,131,121,93,77,63,63,56,76,73,67,73,67,71,41,57,58,76,42,48,48,57,39,41,55,31,45,26,26,41,22,25,18,13,18,19,10,6,11,8,3,4,8,3,2,2,4,,,1,2,3,,1,1,,,保安族男性
baoan-women,10058,202,221,217,203,187,155,186,161,172,204,199,165,172,159,186,212,195,193,248,205,296,215,221,176,194,165,132,124,137,126,169,130,125,175,149,189,142,170,189,132,218,162,151,131,133,130,99,101,111,51,98,59,60,71,64,67,69,48,60,60,85,66,46,50,42,77,45,63,46,38,42,33,25,37,30,35,24,18,11,19,18,10,8,9,4,7,7,3,3,5,2,1,,3,,,1,1,1,2,,保安族女性
yugu-all,14378,147,152,161,160,159,158,160,189,182,184,188,186,208,213,217,239,216,232,205,181,253,262,261,239,242,205,212,197,187,227,230,246,238,227,253,245,293,287,315,306,374,310,343,293,316,296,295,299,229,82,112,91,137,167,149,175,178,132,113,123,112,142,93,104,84,79,98,88,81,76,58,59,60,60,44,53,35,26,15,39,17,14,16,6,12,2,4,6,5,3,4,4,,,,1,2,,,,,裕固族
yugu-men,7325,76,71,78,84,73,87,80,100,86,104,107,91,114,106,106,114,113,125,102,86,127,122,129,104,108,109,108,113,105,117,119,127,124,129,124,117,142,144,173,176,196,171,173,152,171,154,159,141,115,40,58,40,69,84,79,82,102,56,55,66,55,78,49,65,46,33,53,46,37,44,26,33,21,32,21,21,11,12,7,10,8,8,7,4,4,1,,5,1,2,,2,,,,,,,,,,裕固族男性
yugu-women,7053,71,81,83,76,86,71,80,89,96,80,81,95,94,107,111,125,103,107,103,95,126,140,132,135,134,96,104,84,82,110,111,119,114,98,129,128,151,143,142,130,178,139,170,141,145,142,136,158,114,42,54,51,68,83,70,93,76,76,58,57,57,64,44,39,38,46,45,42,44,32,32,26,39,28,23,32,24,14,8,29,9,6,9,2,8,1,4,1,4,1,4,2,,,,1,2,,,,,裕固族女性
jing-all,28199,540,542,489,529,489,451,476,433,426,479,408,356,364,367,368,513,476,523,441,462,614,587,549,576,596,511,504,442,441,422,461,483,417,362,388,427,398,367,421,460,472,414,440,361,419,421,430,485,437,213,211,234,293,278,257,261,282,248,228,196,215,198,172,165,129,143,136,127,128,134,141,113,122,101,90,92,86,99,71,68,76,53,61,46,43,34,42,32,28,28,27,15,7,12,10,6,2,2,2,2,3,京族
jing-men,14416,300,297,273,305,265,252,259,239,248,285,231,203,222,231,210,295,249,268,238,242,334,296,283,275,311,259,266,218,230,210,215,250,216,184,185,214,216,191,201,243,208,203,201,178,211,194,199,245,219,100,99,101,143,123,124,130,134,127,115,90,98,91,75,66,60,74,70,65,49,59,73,57,60,39,40,39,40,53,37,31,29,21,22,15,13,13,15,4,11,11,9,3,3,8,4,3,,1,1,,1,京族男性
jing-women,13783,240,245,216,224,224,199,217,194,178,194,177,153,142,136,158,218,227,255,203,220,280,291,266,301,285,252,238,224,211,212,246,233,201,178,203,213,182,176,220,217,264,211,239,183,208,227,231,240,218,113,112,133,150,155,133,131,148,121,113,106,117,107,97,99,69,69,66,62,79,75,68,56,62,62,50,53,46,46,34,37,47,32,39,31,30,21,27,28,17,17,18,12,4,4,6,3,2,1,1,2,2,京族女性
tataer-all,3556,50,65,63,44,42,48,42,43,34,50,47,38,38,46,37,34,42,73,58,59,59,80,69,65,73,62,63,69,71,75,67,48,65,60,59,74,77,65,69,69,71,54,64,43,52,53,56,57,62,28,39,30,41,45,45,30,43,25,34,32,29,25,25,14,23,20,17,26,20,19,23,18,20,6,7,9,8,10,8,7,3,5,5,3,1,3,1,1,1,,2,,,1,,,,,,,,塔塔尔族
tataer-men,1899,24,34,42,17,20,31,22,21,16,29,26,21,19,25,15,10,25,38,25,24,29,40,36,27,32,43,34,38,38,42,34,27,36,39,28,45,45,27,38,39,37,30,32,27,26,33,28,35,43,15,18,14,22,25,23,17,23,12,18,21,20,13,14,9,11,10,8,8,12,8,14,8,16,3,4,6,4,7,5,3,2,4,4,2,,2,1,,1,,,,,,,,,,,,,塔塔尔族男性
tataer-women,1657,26,31,21,27,22,17,20,22,18,21,21,17,19,21,22,24,17,35,33,35,30,40,33,38,41,19,29,31,33,33,33,21,29,21,31,29,32,38,31,30,34,24,32,16,26,20,28,22,19,13,21,16,19,20,22,13,20,13,16,11,9,12,11,5,12,10,9,18,8,11,9,10,4,3,3,3,4,3,3,4,1,1,1,1,1,1,,1,,,2,,,1,,,,,,,,塔塔尔族女性
dulong-all,6930,108,109,135,113,138,107,103,124,100,109,124,131,121,93,110,117,123,133,100,138,148,154,154,174,181,155,168,157,156,130,143,118,116,103,111,111,98,131,105,70,106,96,91,83,91,86,77,87,74,54,58,52,91,53,47,45,37,45,36,46,63,37,31,27,35,34,15,24,21,29,42,19,14,17,18,21,9,16,11,10,15,1,4,7,2,3,2,8,5,4,2,2,,1,,1,1,2,,,3,独龙族
dulong-men,3349,57,54,73,56,77,63,41,59,46,62,61,63,50,46,57,54,68,58,45,68,78,85,89,81,76,73,75,72,72,60,62,61,51,51,56,48,54,67,49,38,45,41,47,39,43,42,32,47,36,31,21,24,44,17,26,16,21,24,21,23,25,20,14,17,14,18,5,6,11,13,14,8,8,10,8,8,6,11,7,4,7,,2,,1,1,1,3,2,2,2,,,,,1,,1,,,3,独龙族男性
dulong-women,3581,51,55,62,57,61,44,62,65,54,47,63,68,71,47,53,63,55,75,55,70,70,69,65,93,105,82,93,85,84,70,81,57,65,52,55,63,44,64,56,32,61,55,44,44,48,44,45,40,38,23,37,28,47,36,21,29,16,21,15,23,38,17,17,10,21,16,10,18,10,16,28,11,6,7,10,13,3,5,4,6,8,1,2,7,1,2,1,5,3,2,,2,,1,,,1,1,,,,独龙族女性
elunchun-all,8659,124,146,121,121,136,127,101,113,91,95,121,113,144,143,135,148,153,191,196,173,228,254,214,184,208,172,200,190,174,179,167,162,149,108,137,137,153,183,168,170,150,162,121,119,148,142,139,164,114,87,94,77,82,77,79,72,65,52,45,51,49,39,28,24,24,25,26,21,24,12,21,12,22,14,5,6,5,3,8,1,5,1,3,5,1,1,4,1,,,,,,,,,,,,,,鄂伦春族
elunchun-men,4033,65,72,59,66,67,63,49,56,41,42,52,58,63,63,72,71,84,102,93,81,114,130,118,86,103,95,97,79,62,91,69,68,77,44,71,50,60,83,86,94,55,68,50,53,72,61,53,66,43,32,39,42,34,32,29,39,33,31,21,24,19,17,11,11,9,9,9,12,11,4,8,6,9,3,2,2,3,2,2,,4,1,,3,1,1,,1,,,,,,,,,,,,,,鄂伦春族男性
elunchun-women,4626,59,74,62,55,69,64,52,57,50,53,69,55,81,80,63,77,69,89,103,92,114,124,96,98,105,77,103,111,112,88,98,94,72,64,66,87,93,100,82,76,95,94,71,66,76,81,86,98,71,55,55,35,48,45,50,33,32,21,24,27,30,22,17,13,15,16,17,9,13,8,13,6,13,11,3,4,2,1,6,1,1,,3,2,,,4,,,,,,,,,,,,,,,鄂伦春族女性
hezhe-all,5354,66,83,81,57,66,61,65,53,52,50,51,50,66,63,54,72,85,86,91,110,199,178,164,153,125,106,114,96,123,85,89,99,107,67,77,92,84,89,100,89,97,81,73,77,83,97,86,100,63,50,70,57,79,56,50,47,47,53,60,45,35,31,25,32,26,13,13,15,15,16,19,14,10,9,20,18,16,10,6,5,14,4,3,7,1,3,,2,1,2,,,,,,,,,,,,赫哲族
hezhe-men,2651,37,50,40,32,30,40,33,28,29,24,28,24,32,32,30,35,46,38,49,48,82,77,77,67,50,55,46,56,54,44,43,42,42,34,33,58,46,45,49,48,46,37,38,42,37,46,38,50,29,23,35,29,44,33,21,24,29,24,33,27,21,22,15,15,17,9,8,5,10,7,8,8,7,1,12,12,9,6,3,2,7,4,1,4,,,,,,,,,,,,,,,,,,赫哲族男性
hezhe-women,2703,29,33,41,25,36,21,32,25,23,26,23,26,34,31,24,37,39,48,42,62,117,101,87,86,75,51,68,40,69,41,46,57,65,33,44,34,38,44,51,41,51,44,35,35,46,51,48,50,34,27,35,28,35,23,29,23,18,29,27,18,14,9,10,17,9,4,5,10,5,9,11,6,3,8,8,6,7,4,3,3,7,,2,3,1,3,,2,1,2,,,,,,,,,,,,赫哲族女性
menba-all,10561,202,205,199,150,128,168,200,255,189,193,169,209,232,207,221,197,270,222,248,234,314,248,220,211,224,221,212,225,184,156,204,146,179,138,138,152,168,159,151,127,135,161,135,123,106,110,126,119,137,79,116,95,73,81,67,49,72,57,61,41,58,63,35,32,45,37,44,45,44,36,37,30,23,26,18,14,16,18,21,23,14,14,7,8,5,8,2,2,6,7,1,1,2,,,1,,,,,,门巴族
menba-men,5261,126,117,111,78,56,86,100,122,97,103,86,104,123,98,97,80,128,104,141,107,138,119,113,121,113,112,117,118,102,88,94,68,95,68,62,81,84,62,84,64,88,82,67,55,58,59,55,59,68,31,53,47,29,39,29,20,41,30,33,14,29,30,12,12,20,18,22,15,25,15,19,17,7,12,11,4,7,10,5,8,7,7,3,4,4,3,1,2,4,3,,,1,,,,,,,,,门巴族男性
menba-women,5300,76,88,88,72,72,82,100,133,92,90,83,105,109,109,124,117,142,118,107,127,176,129,107,90,111,109,95,107,82,68,110,78,84,70,76,71,84,97,67,63,47,79,68,68,48,51,71,60,69,48,63,48,44,42,38,29,31,27,28,27,29,33,23,20,25,19,22,30,19,21,18,13,16,14,7,10,9,8,16,15,7,7,4,4,1,5,1,,2,4,1,1,1,,,1,,,,,,门巴族女性
luoba-all,3682,77,85,87,68,75,77,63,86,71,71,81,71,77,74,81,87,89,92,94,102,95,81,63,84,73,67,57,65,61,58,48,42,58,48,49,49,58,48,64,56,54,49,49,43,33,34,42,39,38,23,36,29,24,20,7,25,11,17,12,19,22,16,31,15,13,10,6,15,9,12,8,12,11,7,4,4,4,8,5,4,9,2,4,2,,3,3,1,2,,2,,,1,,1,,,,,,珞巴族
luoba-men,1803,36,51,45,39,31,34,29,44,44,30,42,31,40,33,31,48,46,34,50,51,49,44,32,35,41,29,27,32,34,29,21,19,23,28,33,22,30,27,32,27,23,27,19,24,13,14,22,16,22,13,16,18,17,6,1,12,5,9,7,10,6,6,15,9,6,6,2,6,1,7,2,5,8,4,2,2,1,4,4,1,3,,1,1,,1,1,,1,,,,,,,1,,,,,,珞巴族男性
luoba-women,1879,41,34,42,29,44,43,34,42,27,41,39,40,37,41,50,39,43,58,44,51,46,37,31,49,32,38,30,33,27,29,27,23,35,20,16,27,28,21,32,29,31,22,30,19,20,20,20,23,16,10,20,11,7,14,6,13,6,8,5,9,16,10,16,6,7,4,4,9,8,5,6,7,3,3,2,2,3,4,1,3,6,2,3,1,,2,2,1,1,,2,,,1,,,,,,,,珞巴族女性
jinuo-all,23143,395,390,383,375,322,264,278,248,251,294,284,292,351,307,377,354,386,360,406,399,502,507,490,458,447,434,458,396,402,285,343,331,327,359,390,411,491,484,436,396,506,476,456,333,412,364,387,350,294,198,270,228,283,212,220,165,185,190,151,139,191,218,152,137,128,108,88,99,101,75,96,79,96,56,56,83,58,63,55,36,49,33,33,29,26,26,14,16,13,16,12,3,1,1,2,4,2,2,1,1,2,基诺族
jinuo-men,11744,203,194,205,192,167,135,133,114,119,143,140,129,180,155,189,186,222,182,213,220,264,263,243,236,214,222,239,200,207,158,177,163,163,186,216,209,248,263,226,203,252,239,221,166,209,190,187,159,160,98,125,109,142,114,103,73,100,95,77,68,94,124,77,76,65,46,52,49,56,39,51,43,42,28,30,44,22,40,28,16,17,12,12,9,10,12,6,7,9,6,7,2,,,,1,1,,1,,2,基诺族男性
jinuo-women,11399,192,196,178,183,155,129,145,134,132,151,144,163,171,152,188,168,164,178,193,179,238,244,247,222,233,212,219,196,195,127,166,168,164,173,174,202,243,221,210,193,254,237,235,167,203,174,200,191,134,100,145,119,141,98,117,92,85,95,74,71,97,94,75,61,63,62,36,50,45,36,45,36,54,28,26,39,36,23,27,20,32,21,21,20,16,14,8,9,4,10,5,1,1,1,2,3,1,2,,1,,基诺族女性
weishibie-all,640101,10468,10952,11072,10945,11162,11051,12602,13306,14505,16852,17300,17052,18903,16600,15222,14416,11957,11319,9832,8648,10252,9714,9391,10107,8134,7533,7308,6579,8528,8452,9007,9207,8846,9181,10642,10218,11293,10413,9789,9934,10434,9066,10794,7903,8665,8455,8291,8012,5628,2716,3793,3548,4888,6037,5463,6110,6243,5934,5702,3517,3756,4256,3734,4184,3862,3056,2982,3056,3143,2611,2496,2452,2782,2656,2090,1547,1305,1286,1469,1298,1274,796,805,751,490,377,366,309,264,211,161,88,81,47,49,40,34,17,12,10,7,未识别合计
weishibie-men,334908,5990,6313,6397,6165,6290,6121,7000,7236,7720,8894,9179,8988,9745,8713,8019,7426,6289,5838,5207,4621,5153,4889,4691,5087,4010,3792,3821,3314,4311,4375,4503,4873,4495,4735,5494,5341,6045,5587,5196,5472,5403,4740,5671,4097,4544,4378,4328,4172,2911,1338,1943,1823,2621,3176,2794,3146,3173,2990,2938,1787,1897,2252,1863,2173,1982,1503,1524,1561,1521,1319,1244,1187,1381,1333,990,759,639,621,730,573,565,350,349,338,213,156,137,106,101,64,54,24,24,19,16,10,8,5,5,3,1,未识别男性
weishibie-women,305193,4478,4639,4675,4780,4872,4930,5602,6070,6785,7958,8121,8064,9158,7887,7203,6990,5668,5481,4625,4027,5099,4825,4700,5020,4124,3741,3487,3265,4217,4077,4504,4334,4351,4446,5148,4877,5248,4826,4593,4462,5031,4326,5123,3806,4121,4077,3963,3840,2717,1378,1850,1725,2267,2861,2669,2964,3070,2944,2764,1730,1859,2004,1871,2011,1880,1553,1458,1495,1622,1292,1252,1265,1401,1323,1100,788,666,665,739,725,709,446,456,413,277,221,229,203,163,147,107,64,57,28,33,30,26,12,7,7,6,未识别女性
waiguoren-all,1448,24,16,15,12,11,10,10,14,4,18,7,7,11,7,7,12,19,7,18,19,41,32,25,34,25,16,19,27,23,27,31,21,31,18,23,23,24,27,35,25,36,24,35,24,29,24,27,23,20,15,20,11,12,23,18,21,19,15,12,9,13,13,14,12,9,16,16,12,14,11,10,13,6,7,10,6,11,11,8,6,5,2,5,4,1,1,2,1,2,3,1,2,2,1,2,2,2,,,,,外国人合计
waiguoren-men,557,9,8,7,9,4,6,4,9,,13,4,5,4,4,2,6,12,2,10,6,14,9,9,13,7,4,6,3,12,10,11,9,8,4,8,8,7,8,12,12,9,10,9,7,9,7,8,11,8,5,7,7,4,8,6,11,8,6,5,2,5,7,10,3,5,7,4,6,11,4,5,10,3,3,3,1,4,4,3,2,2,,4,2,1,,1,,1,,,,,,1,,,,,,,外国人男性
waiguoren-women,891,15,8,8,3,7,4,6,5,4,5,3,2,7,3,5,6,7,5,8,13,27,23,16,21,18,12,13,24,11,17,20,12,23,14,15,15,17,19,23,13,27,14,26,17,20,17,19,12,12,10,13,4,8,15,12,10,11,9,7,7,8,6,4,9,4,9,12,6,3,7,5,3,3,4,7,5,7,7,5,4,3,2,1,2,,1,1,1,1,3,1,2,2,1,1,2,2,,,,,外国人女性
